,Date,banks_positive,banks_neutral,banks_negative,fin_positive,fin_neutral,fin_negative,count_banks,count_fin,dollar,sp500,dollar_diff,sp500_diff
2,2022-01-03,,,,0.4938735347241163,0.421230367384851,0.0848961269948631,0,4,115.4102,4796.56,,
3,2022-01-04,,,,0.1964527368545532,0.7400971055030823,0.0634501259773969,0,2,115.3238,4793.54,-0.08639999999999759,-3.0200000000004366
4,2022-01-05,,,,0.07515677437186234,0.6151468902826309,0.3096963446587324,0,2,115.1558,4700.58,-0.16800000000000637,-92.96000000000004
5,2022-01-06,,,,0.28802635023991263,0.18077556788921353,0.5311980868379275,0,3,115.4221,4696.05,0.2663000000000011,-4.529999999999745
6,2022-01-07,,,,0.5672108978033066,0.3178776502609253,0.11491147428750986,0,2,115.0641,4677.03,-0.3580000000000041,-19.020000000000437
9,2022-01-10,,,,0.33829827746376395,0.34355966001749033,0.3181420271284878,0,4,115.2341,4670.29,0.1700000000000017,-6.739999999999782
10,2022-01-11,,,,,,,0,0,114.852,4713.07,-0.3820999999999941,42.779999999999745
11,2022-01-12,,,,0.48827384114265443,0.45949183106422425,0.05223433058708902,0,5,114.3798,4726.35,-0.47220000000000084,13.280000000000655
12,2022-01-13,,,,0.10485616450508434,0.8679909110069275,0.027152908965945202,0,3,114.2084,4659.03,-0.17140000000000555,-67.32000000000062
13,2022-01-14,,,,0.3292840719223022,0.6054978867371877,0.06521805313726263,0,3,114.4045,4662.85,0.19610000000000127,3.8200000000006185
17,2022-01-18,,,,0.34942880521217984,0.4311542361974716,0.21941693872213364,0,3,114.7533,4577.11,0.3487999999999971,-85.74000000000069
18,2022-01-19,,,,,,,0,0,114.6272,4532.76,-0.12609999999999388,-44.349999999999454
19,2022-01-20,,,,0.27286018431186676,0.6993688642978668,0.02777099143713705,0,2,114.4819,4482.73,-0.14530000000000598,-50.030000000000655
20,2022-01-21,,,,0.3478841781616211,0.5644417405128479,0.087674081325531,0,1,114.6262,4397.94,0.1443000000000012,-84.78999999999996
23,2022-01-24,,,,0.20362678021192546,0.37200894132256507,0.42436428405344484,0,5,115.2085,4410.13,0.5823000000000036,12.19000000000051
24,2022-01-25,,,,0.2793199345469474,0.4783156414826711,0.24236441838244593,0,3,115.1693,4356.45,-0.039199999999993906,-53.68000000000029
25,2022-01-26,0.1471405923366546,0.8259934782981873,0.0268660094588994,0.399804338812828,0.5265869870781898,0.07360868528485295,1,2,115.1017,4349.93,-0.06760000000001298,-6.519999999999527
26,2022-01-27,0.3140622042119503,0.6265772730112076,0.059360492974519646,0.22491437486476362,0.5840036935276456,0.19108191256721813,2,9,115.9723,4326.51,0.8706000000000103,-23.420000000000073
27,2022-01-28,0.28517837077379227,0.6771378517150879,0.03768379706889385,0.3142647385597229,0.5942887127399444,0.09144654273986814,2,5,116.0306,4431.85,0.05830000000000268,105.34000000000015
30,2022-01-31,0.1770666688680648,0.7894337177276611,0.0334995351731777,0.26890362189574674,0.49357524514198303,0.23752115870063956,1,11,115.5667,4515.55,-0.4639000000000095,83.69999999999982
31,2022-02-01,0.075257308781147,0.8376995921134949,0.0870431065559387,0.22684594914317127,0.39032877534627913,0.3828252702951431,1,5,115.3726,4546.54,-0.19409999999999172,30.98999999999978
32,2022-02-02,0.17777604982256884,0.6726835146546364,0.14954043785110113,0.30747939785942435,0.5081443972885609,0.18437620252370832,4,16,115.1617,4589.38,-0.2109000000000094,42.840000000000146
33,2022-02-03,0.0974515303969383,0.874411016702652,0.0281374100595712,0.2855663945277531,0.5477798581123352,0.1666537374258041,2,3,114.924,4477.44,-0.2376999999999896,-111.94000000000051
34,2022-02-04,0.0614996217191219,0.9040325284004213,0.0344679169356823,0.0503492355346679,0.5242718458175659,0.4253788590431213,1,1,115.1489,4500.53,0.224899999999991,23.090000000000146
37,2022-02-07,0.1530478727072477,0.6351427137851715,0.211809410713613,,,,2,0,115.022,4483.87,-0.12689999999999202,-16.659999999999854
38,2022-02-08,0.0984261594712734,0.8797344863414764,0.02183941379189485,0.3308722972869873,0.6045835614204407,0.0645441338419914,2,1,115.101,4521.54,0.07899999999999352,37.67000000000007
39,2022-02-09,,,,0.0695980042219162,0.8730375170707703,0.0573644191026687,0,1,114.836,4587.18,-0.26500000000000057,65.64000000000033
40,2022-02-10,,,,0.21615584520623088,0.48851094767451286,0.29533318057656277,0,4,114.5711,4504.08,-0.26489999999999725,-83.10000000000036
41,2022-02-11,0.1450213976204395,0.8202843368053436,0.034694234374910524,,,,4,0,114.8568,4418.64,0.2857000000000056,-85.4399999999996
44,2022-02-14,0.4264866709709167,0.5368186831474304,0.0366946719586849,0.28271177038550377,0.6406904608011246,0.07659777812659735,1,4,115.2012,4401.67,0.34439999999999316,-16.970000000000255
45,2022-02-15,0.14297134056687355,0.8137727550097874,0.04325589298137591,,,,7,0,114.9348,4471.07,-0.2664000000000044,69.39999999999964
46,2022-02-16,0.174287524074316,0.737559586763382,0.08815290499478576,0.3727912575006485,0.3553155943751335,0.2718931337818503,2,5,114.6971,4475.01,-0.2376999999999896,3.9400000000005093
47,2022-02-17,0.15505592711269853,0.7835076004266739,0.06143646687269207,0.13940062969923014,0.7960029482841492,0.06459640935063357,4,5,114.6867,4380.26,-0.010400000000004184,-94.75
48,2022-02-18,,,,0.0361838564276695,0.5641763210296631,0.3996398448944092,0,1,114.8057,4348.87,0.11899999999999977,-31.390000000000327
52,2022-02-22,0.13750777114182708,0.7904820442199707,0.07201020652428265,0.17297026515007013,0.5114223957061768,0.3156073875725269,4,2,114.7172,4304.76,-0.08849999999999625,-44.10999999999967
53,2022-02-23,,,,0.0647839698940515,0.5597590655088425,0.3754569729790091,0,2,114.6853,4225.5,-0.03190000000000737,-79.26000000000022
54,2022-02-24,0.14520331223805738,0.7670344710350037,0.08776221610605713,,,,6,0,115.9586,4288.7,1.273300000000006,63.19999999999982
55,2022-02-25,0.14682174474000925,0.81423952182134,0.03893874916765419,,,,9,0,115.2742,4384.65,-0.6844000000000108,95.94999999999982
58,2022-02-28,0.12115188840438015,0.8399534279649908,0.03889468396929172,0.13437639673550916,0.769941528638204,0.09568202619751287,11,3,115.2931,4373.94,0.018900000000002137,-10.710000000000036
59,2022-03-01,0.0508938618004322,0.6780107617378235,0.2710954546928406,0.1161942034959793,0.8601406812667847,0.0236650817096233,1,1,115.8831,4306.26,0.5900000000000034,-67.67999999999938
60,2022-03-02,0.19545921497046945,0.7685836255550385,0.035957182447115536,0.21884701081684657,0.5935275001185281,0.1876254794853074,6,7,115.8281,4386.54,-0.05499999999999261,80.27999999999975
61,2022-03-03,0.25045355409383774,0.7236784398555756,0.0258680507540702,0.22408402971923352,0.5610772982239723,0.2148386519402265,2,5,116.0198,4363.49,0.19169999999999732,-23.050000000000182
62,2022-03-04,0.10626401975750921,0.8456204056739807,0.04811554066836826,0.16018175583092437,0.5085197699166113,0.33129847488336023,5,31,116.7299,4328.87,0.7100999999999971,-34.61999999999989
65,2022-03-07,0.1495272913439707,0.7753601345148954,0.07511257422579956,0.26135829587777454,0.6687095575034618,0.06993212581922605,11,6,117.4591,4201.09,0.7292000000000058,-127.77999999999975
66,2022-03-08,0.1651063213745753,0.8107765316963196,0.02411717921495433,0.1843200623989105,0.7967979907989502,0.0188818871974945,3,1,117.7,4170.7,0.24089999999999634,-30.390000000000327
67,2022-03-09,0.1086305665473143,0.6182703276475271,0.2730990902831157,0.3054466222723325,0.5522158344586691,0.1423375404750307,3,6,116.7173,4277.88,-0.9827000000000083,107.18000000000029
68,2022-03-10,0.08403628319501873,0.8886621197064718,0.027301594614982567,0.27909576892852783,0.5755208507180214,0.14538338469962275,3,6,116.8532,4259.52,0.13590000000000657,-18.359999999999673
69,2022-03-11,,,,0.1528100371360778,0.81709885597229,0.0300911050289869,0,1,117.1274,4204.31,0.27419999999999334,-55.210000000000036
72,2022-03-14,,,,0.09893877059221264,0.6511742969353994,0.24988690080742038,0,3,117.2438,4173.11,0.11639999999999873,-31.200000000000728
73,2022-03-15,,,,0.0792086794972419,0.7927386164665222,0.1280526518821716,0,1,117.3029,4262.45,0.05910000000000082,89.34000000000015
74,2022-03-16,,,,,,,0,0,116.8654,4357.86,-0.4375,95.40999999999985
75,2022-03-17,,,,0.103030614554882,0.5459193587303162,0.3510500490665436,0,1,116.1148,4411.67,-0.7505999999999915,53.8100000000004
76,2022-03-18,,,,0.17786842584609985,0.7051955163478851,0.11693611647933719,0,2,116.2161,4463.12,0.10129999999999484,51.44999999999982
79,2022-03-21,,,,0.3098010222117106,0.6155540843804678,0.07464491824309026,0,3,116.0252,4461.18,-0.19089999999999918,-1.9399999999995998
80,2022-03-22,,,,0.10219487398862834,0.7800843596458436,0.1177207415923476,0,5,116.1654,4511.61,0.1402000000000072,50.42999999999938
81,2022-03-23,,,,0.07809008136391636,0.6635763123631477,0.2583336122334003,0,5,116.0702,4456.24,-0.0952000000000055,-55.36999999999989
82,2022-03-24,,,,0.1474763378500938,0.6019218116998672,0.2506018509157002,0,4,116.0328,4520.16,-0.03740000000000521,63.92000000000007
83,2022-03-25,,,,0.44787004590034485,0.36413736641407013,0.18799254763871429,0,2,115.8678,4543.06,-0.16499999999999204,22.900000000000546
86,2022-03-28,,,,0.2206064153462648,0.5397064000368118,0.23968719206750388,0,5,116.2449,4575.52,0.37709999999999866,32.460000000000036
87,2022-03-29,,,,0.06890380258361495,0.818037211894989,0.11305900632093346,0,6,115.6164,4631.6,-0.6285000000000025,56.07999999999993
88,2022-03-30,,,,0.17212899827531405,0.626201868057251,0.20166910971914018,0,7,115.1226,4602.45,-0.49379999999999313,-29.150000000000546
89,2022-03-31,,,,0.3707552678883076,0.4815439820289612,0.14770075380802153,0,5,115.2445,4530.41,0.12189999999999657,-72.03999999999996
90,2022-04-01,,,,0.0156397894024848,0.2038236409425735,0.7805365920066833,0,1,115.5139,4545.86,0.2694000000000045,15.449999999999818
93,2022-04-04,,,,0.1183161586523056,0.8587123155593872,0.0229715891182422,0,1,115.4466,4582.64,-0.06730000000000302,36.780000000000655
94,2022-04-05,,,,0.1709046512842178,0.7930237948894501,0.0360715696588158,0,2,115.7518,4525.12,0.30519999999999925,-57.52000000000044
95,2022-04-06,,,,0.526201456785202,0.3697039484977722,0.10409460775554176,0,2,116.0177,4481.15,0.265900000000002,-43.970000000000255
96,2022-04-07,,,,0.0992121025919914,0.8275038003921509,0.07328411564230915,0,2,116.3496,4500.21,0.3318999999999903,19.0600000000004
97,2022-04-08,,,,,,,0,0,116.4177,4488.28,0.06810000000000116,-11.930000000000291
100,2022-04-11,,,,0.08797769372661907,0.5898303985595703,0.32219191640615463,0,3,116.5583,4412.53,0.14060000000000628,-75.75
101,2022-04-12,,,,,,,0,0,116.4058,4397.45,-0.1525000000000034,-15.079999999999927
102,2022-04-13,,,,,,,0,0,116.2932,4446.59,-0.11260000000000048,49.14000000000033
103,2022-04-14,,,,0.07989253635917386,0.27502468334777014,0.6450828015804291,0,7,116.7606,4392.59,0.4673999999999978,-54.0
104,2022-04-15,,,,0.0941371470689773,0.6219580173492432,0.2839047759771347,0,2,116.7137,,-0.046899999999993724,
107,2022-04-18,,,,0.3492200970649719,0.6151721477508545,0.0356077477335929,0,1,116.8545,4391.69,0.1407999999999987,
108,2022-04-19,,,,0.1303610950708389,0.845619261264801,0.0240197218954563,0,1,117.1443,4462.21,0.2897999999999996,70.52000000000044
109,2022-04-20,,,,0.11476130461176998,0.35829660525688756,0.5269420987998064,0,13,116.7633,4459.45,-0.3810000000000002,-2.7600000000002183
110,2022-04-21,,,,0.11965322618683177,0.8223780393600464,0.05796872979650891,0,6,117.1711,4393.66,0.4077999999999946,-65.78999999999996
111,2022-04-22,,,,0.1413493007421493,0.6879564126332601,0.17069430897633228,0,3,118.0334,4271.78,0.8623000000000047,-121.88000000000011
114,2022-04-25,,,,0.08165179301674162,0.5282600224018097,0.39008818349490565,0,6,118.6324,4296.12,0.5990000000000038,24.340000000000146
115,2022-04-26,,,,0.18221560493111605,0.5940281599760056,0.22375622298568487,0,2,118.9579,4175.2,0.325499999999991,-120.92000000000007
116,2022-04-27,,,,0.8652957677841187,0.0944378525018692,0.0402664020657539,0,1,119.4542,4183.96,0.49630000000000507,8.760000000000218
117,2022-04-28,,,,0.3572975865432194,0.4877703147275107,0.1549320983301316,0,7,120.0505,4287.5,0.5962999999999994,103.53999999999996
118,2022-04-29,,,,0.1890399965147177,0.465401587386926,0.34555840616424877,0,3,119.4772,4131.93,-0.5733000000000033,-155.5699999999997
121,2022-05-02,,,,0.3078372933798366,0.4923393345541424,0.19982336947901377,0,18,119.8619,4155.38,0.38470000000000937,23.449999999999818
122,2022-05-03,,,,0.1764984671026468,0.4353272095322609,0.388174319639802,0,2,119.677,4175.48,-0.18489999999999895,20.099999999999454
123,2022-05-04,,,,0.2563778357580304,0.4238785185984203,0.3197436375277382,0,7,119.5197,4300.17,-0.15730000000000643,124.69000000000051
124,2022-05-05,,,,0.3236096762120724,0.6263848592837652,0.05000546093409255,0,6,119.9567,4146.87,0.4369999999999976,-153.30000000000018
125,2022-05-06,,,,0.22146800084208895,0.3574730631980029,0.42105894874442706,0,11,119.8387,4123.34,-0.117999999999995,-23.529999999999745
128,2022-05-09,,,,0.22399488774438694,0.6722400623063246,0.10376504405091203,0,12,120.4824,3991.24,0.6436999999999955,-132.10000000000036
129,2022-05-10,,,,0.33243532044192153,0.3568638538320859,0.3107008033742507,0,6,120.7609,4001.05,0.2785000000000082,9.8100000000004
130,2022-05-11,,,,0.1027553736099175,0.564506821334362,0.3327378103775637,0,7,120.3613,3935.18,-0.3996000000000066,-65.87000000000035
131,2022-05-12,,,,0.16353980451822278,0.6828776995340983,0.1535824785629908,0,3,121.2339,3930.08,0.8726000000000056,-5.099999999999909
132,2022-05-13,,,,0.304101658364137,0.5503520170847574,0.14554628853996596,0,6,120.8099,4023.89,-0.4240000000000066,93.80999999999995
135,2022-05-16,,,,0.31275059580802916,0.47849221229553224,0.2087571956217289,0,5,120.6536,4008.01,-0.15630000000000166,-15.879999999999654
136,2022-05-17,,,,0.573014634847641,0.3279997080564499,0.09898566007614129,0,5,119.8656,4088.85,-0.7879999999999967,80.83999999999969
137,2022-05-18,,,,0.2794351004478004,0.3676243755552504,0.35294051302803886,0,9,119.9986,3923.68,0.13299999999999557,-165.17000000000007
138,2022-05-19,,,,0.41371522545814515,0.4067870706319809,0.17949769124388687,0,5,119.3928,3900.79,-0.6058000000000021,-22.889999999999873
139,2022-05-20,,,,0.27611644273357727,0.5130662258182254,0.21081734767981936,0,7,119.322,3901.36,-0.07079999999999131,0.5700000000001637
142,2022-05-23,,,,0.710787832736969,0.1905106256405512,0.0987015330853561,0,3,118.6605,3973.75,-0.6615000000000038,72.38999999999987
143,2022-05-24,,,,0.3732564406469464,0.37917481288313865,0.24756874963641168,0,10,118.5609,3941.48,-0.09959999999999525,-32.26999999999998
144,2022-05-25,,,,0.07599874492734665,0.5690312683582306,0.35497000627219677,0,4,118.9145,3978.73,0.35360000000000014,37.25
145,2022-05-26,,,,0.44000517080227536,0.4775504569212596,0.08244439214467997,0,3,118.7586,4057.84,-0.1559000000000026,79.11000000000013
146,2022-05-27,,,,0.0119903171434998,0.0523459874093532,0.9356637001037598,0,1,118.2787,4158.24,-0.47990000000000066,100.39999999999964
150,2022-05-31,,,,0.23289168936510882,0.4694400578737259,0.2976682285467783,0,9,118.0559,4132.15,-0.22280000000000655,-26.090000000000146
151,2022-06-01,,,,0.12400292139500375,0.6237744893878698,0.25222256779670715,0,4,118.6793,4101.23,0.6234000000000037,-30.920000000000073
152,2022-06-02,,,,0.08501348691061134,0.27532543800771236,0.6396610687176386,0,12,118.0589,4176.82,-0.6204000000000036,75.59000000000015
153,2022-06-03,,,,0.4210854470729828,0.5200020670890808,0.0589125007390975,0,1,118.2054,4108.54,0.14650000000000318,-68.27999999999975
156,2022-06-06,,,,0.12012675218284126,0.5922696113586425,0.2876036375761032,0,10,118.2782,4121.43,0.07280000000000086,12.890000000000327
157,2022-06-07,,,,0.11189161520451302,0.6015494465827942,0.2865589475259185,0,4,118.4232,4160.68,0.14499999999999602,39.25
158,2022-06-08,0.23334897557894385,0.67326287428538,0.0933881600697835,0.1287894314154982,0.704473465681076,0.16673709824681274,3,4,118.3824,4115.77,-0.04079999999999018,-44.909999999999854
159,2022-06-09,,,,0.0104409791529178,0.043995227664709,0.9455636739730836,0,1,118.8836,4017.82,0.5011999999999972,-97.95000000000027
160,2022-06-10,0.09719942510128016,0.8546836078166962,0.0481169428676366,0.342873340472579,0.4880550168454647,0.16907163523137564,2,4,119.9422,3900.86,1.0585999999999984,-116.96000000000004
163,2022-06-13,0.216384932398796,0.6193573474884033,0.1642577052116394,0.41730066140492755,0.5226280689239502,0.060071269671122196,1,3,121.0807,3749.63,1.1384999999999934,-151.23000000000002
164,2022-06-14,0.2323793470859527,0.7064740657806396,0.0611465908586978,0.273538468236273,0.6079915382645347,0.11846999739381396,1,11,121.5898,3735.48,0.5091000000000037,-14.150000000000091
165,2022-06-15,,,,0.15098232320613328,0.5303869143956237,0.318630769641863,0,18,121.5462,3789.99,-0.04359999999999786,54.50999999999976
166,2022-06-16,,,,0.24119043505440155,0.3733339322110017,0.38547561317682266,0,3,120.5963,3666.77,-0.9498999999999995,-123.2199999999998
167,2022-06-17,0.11150236986577505,0.833812415599823,0.0546852247789502,0.1936640320345759,0.38436071077982586,0.4219752599795659,2,3,121.1529,3674.84,0.5566000000000031,8.070000000000164
171,2022-06-21,0.4414600431919098,0.4385614693164825,0.1199784949421882,0.33796203657984736,0.47855413109064104,0.18348383642733096,1,5,120.5505,3764.79,-0.6024000000000029,89.94999999999982
172,2022-06-22,,,,0.06458746455609793,0.33700386621057987,0.5984086692333221,0,4,120.4383,3759.89,-0.11220000000000141,-4.900000000000091
173,2022-06-23,,,,0.3042874306440353,0.5592855870723724,0.13642696812748906,0,5,120.6703,3795.73,0.23199999999999932,35.840000000000146
174,2022-06-24,0.0874294191598892,0.8787252902984619,0.0338452607393264,0.2294052839279174,0.5747350454330444,0.195859670639038,1,1,120.3971,3911.74,-0.2732000000000028,116.00999999999976
177,2022-06-27,0.38487062851587933,0.5100732445716858,0.10505610456069307,0.7184852063655853,0.2381936013698578,0.04332120157778255,3,2,120.0907,3900.11,-0.30639999999999645,-11.629999999999654
178,2022-06-28,0.2736167013645172,0.659960150718689,0.0664231777191162,0.3338922038674354,0.6485111713409424,0.01759662246331565,1,2,120.5248,3821.55,0.4341000000000008,-78.55999999999995
179,2022-06-29,,,,0.045792993158102,0.5400909781455994,0.4141159355640411,0,1,120.8569,3818.83,0.33209999999999695,-2.7200000000002547
180,2022-06-30,0.3281469754874706,0.6095361858606339,0.06231687590479845,0.53370151668787,0.4438652452081442,0.02243323437869545,2,2,120.8719,3785.38,0.015000000000000568,-33.44999999999982
181,2022-07-01,0.200901860371232,0.7246176898479462,0.07448041997849936,0.4822324514389038,0.4197207689285278,0.0980468168854713,2,1,121.3983,3825.33,0.5264000000000095,39.94999999999982
185,2022-07-05,0.1872107982635498,0.7305070161819458,0.0822821110486984,0.35107830725610256,0.5166786052286625,0.1322430996224284,1,4,122.5303,3831.39,1.1319999999999908,6.059999999999945
186,2022-07-06,0.3442846685647964,0.6040427386760712,0.051672602072358104,0.10567781329154965,0.4026015847921371,0.49172061681747437,2,2,122.9059,3845.08,0.3756000000000057,13.690000000000055
187,2022-07-07,,,,0.10542360544204707,0.5162982787936926,0.3782781220972538,0,5,122.6334,3902.62,-0.27250000000000796,57.539999999999964
188,2022-07-08,0.0638089999556541,0.8980106115341187,0.0381803549826145,0.09469129890203475,0.39448106785615283,0.5108276183406512,1,3,122.3794,3899.38,-0.2539999999999907,-3.2399999999997817
191,2022-07-11,0.4138630926609039,0.5411466360092163,0.04499027505517,0.12630777029941473,0.5280632525682449,0.3456289501239856,1,6,123.1972,3854.43,0.8177999999999912,-44.95000000000027
192,2022-07-12,,,,0.0994047503918409,0.7655748426914215,0.1350204199552536,0,2,123.3302,3818.8,0.13300000000000978,-35.629999999999654
193,2022-07-13,0.3722046315670013,0.5690975189208984,0.0586978420615196,0.3049845844507217,0.19701436161994929,0.4980010613799095,1,2,123.1654,3801.78,-0.1647999999999996,-17.019999999999982
194,2022-07-14,,,,,,,0,0,123.9404,3790.38,0.7749999999999915,-11.400000000000091
195,2022-07-15,0.4285759925842285,0.5017070770263672,0.0697168558835983,0.1042719855904579,0.8092235326766968,0.0865044444799423,1,1,123.3601,3863.16,-0.580299999999994,72.77999999999975
198,2022-07-18,0.36802514394124347,0.5491210619608561,0.08285384252667423,,,,3,0,122.6637,3830.85,-0.696399999999997,-32.309999999999945
199,2022-07-19,,,,0.10198876522481437,0.35675116404891016,0.5412600845098495,0,5,122.3745,3936.69,-0.2892000000000081,105.84000000000015
200,2022-07-20,0.25518377621968585,0.6905629436175028,0.054253264019886595,0.312215531617403,0.30474186837673184,0.38304259553551673,3,5,122.4864,3959.9,0.11190000000000566,23.210000000000036
201,2022-07-21,,,,,,,0,0,122.8004,3998.95,0.31399999999999295,39.04999999999973
202,2022-07-22,0.0730049014091491,0.890247106552124,0.036747969686985,,,,1,0,122.3473,3961.63,-0.45309999999999206,-37.31999999999971
205,2022-07-25,,,,0.35708414018154144,0.5948776751756668,0.0480381837114691,0,2,122.3579,3966.84,0.010599999999996612,5.210000000000036
206,2022-07-26,0.2941049337387085,0.6890764236450195,0.0168187115341424,0.2446684362366795,0.4734794944524765,0.2818520776927471,1,4,122.6609,3921.05,0.30299999999999727,-45.789999999999964
207,2022-07-27,0.1910796463489532,0.7214909791946411,0.087429404258728,0.22716120680173238,0.45637660175561906,0.31646219789981844,1,15,122.7174,4023.61,0.05649999999999977,102.55999999999995
208,2022-07-28,0.4498879611492157,0.4667382836341858,0.0833737254142761,0.2694591081447222,0.40495385839180514,0.32558702889152547,1,11,122.024,4072.43,-0.6933999999999969,48.81999999999971
209,2022-07-29,0.0420224890112876,0.9176355004310608,0.0403419286012649,0.02006443031132215,0.10781682096421716,0.87211874127388,1,2,121.6934,4130.29,-0.330600000000004,57.86000000000013
212,2022-08-01,0.1001057475805282,0.8517360091209412,0.0481582731008529,0.6551521420478821,0.2740160226821899,0.0708318129181861,1,1,121.3454,4118.63,-0.347999999999999,-11.659999999999854
213,2022-08-02,,,,0.08050183253362769,0.16765208914875981,0.751846082508564,0,4,121.8569,4091.19,0.5114999999999981,-27.440000000000055
214,2022-08-03,,,,0.09388936590403316,0.4937482550740242,0.4123623939231038,0,2,122.293,4155.17,0.43610000000001037,63.98000000000002
215,2022-08-04,,,,0.3487050871957432,0.4692763618447564,0.18201854079961774,0,11,121.7517,4151.94,-0.5413000000000068,-3.230000000000473
216,2022-08-05,0.4246074954668681,0.46624918778737384,0.10914328445990873,0.2840144336223602,0.5401324331760406,0.17585313692688942,3,2,122.2345,4145.19,0.48279999999999745,-6.75
219,2022-08-08,,,,0.14882233513829607,0.49239475404222804,0.35878292517736554,0,12,121.7944,4140.06,-0.44010000000000105,-5.1299999999992
220,2022-08-09,0.2148480415344238,0.6369196772575378,0.1482322067022323,0.2950960136950016,0.4376114569604397,0.2672925218939781,1,4,121.7824,4122.47,-0.012000000000000455,-17.590000000000146
221,2022-08-10,0.2444981187582016,0.5948065519332886,0.1606953144073486,0.0725624347105622,0.3103736378252506,0.6170639172196388,1,4,120.6894,4210.24,-1.0929999999999893,87.76999999999953
222,2022-08-11,,,,0.0341898463666439,0.3109737634658813,0.6548364162445068,0,1,120.655,4207.27,-0.03440000000000509,-2.969999999999345
223,2022-08-12,0.0557336136698722,0.896015465259552,0.0482509583234787,,,,1,0,120.9499,4280.15,0.2948999999999984,72.8799999999992
226,2022-08-15,,,,0.24589183693751693,0.39568192698061466,0.35842622723430395,0,8,121.3583,4297.14,0.4084000000000003,16.99000000000069
227,2022-08-16,,,,0.08837053179740904,0.2651823361714681,0.646447166800499,0,3,121.6112,4305.2,0.2528999999999968,8.05999999999949
228,2022-08-17,0.0533516891300678,0.8968757390975952,0.049772523343563,0.09124345704913135,0.3382973670959472,0.5704591572284698,1,2,121.991,4274.04,0.379800000000003,-31.159999999999854
229,2022-08-18,,,,0.1511757522821426,0.1958826929330825,0.6529415845870972,0,1,122.2758,4283.74,0.28480000000000416,9.699999999999818
230,2022-08-19,0.06274351229270293,0.8984816471735636,0.038774924352765035,0.4642113745212555,0.4463975429534912,0.0893909931182861,3,1,122.9575,4228.48,0.6816999999999922,-55.26000000000022
233,2022-08-22,,,,0.210362103767693,0.4080613497644663,0.38157655391842127,0,8,123.5096,4137.99,0.55210000000001,-90.48999999999978
234,2022-08-23,,,,0.3662854731082916,0.5166632533073425,0.117051288485527,0,1,122.9691,4128.73,-0.5405000000000086,-9.260000000000218
235,2022-08-24,0.25536472350358963,0.6380220055580139,0.1066132746636867,0.0864220038056373,0.607620894908905,0.3059571385383606,2,1,123.0226,4140.77,0.05349999999999966,12.040000000000873
236,2022-08-25,0.4237921237945556,0.4745974242687225,0.1016103848814964,0.016231070738285752,0.11689075082540505,0.8668782114982605,1,2,122.9714,4199.12,-0.05119999999999436,58.349999999999454
237,2022-08-26,0.0555098690092563,0.9161018133163452,0.028388287872076,0.26526095159351826,0.43043454363942146,0.30430452898144716,1,4,122.9847,4057.66,0.013300000000000978,-141.46000000000004
240,2022-08-29,0.3717236816883087,0.5191484540700912,0.10912782698869705,,,,2,0,123.3931,4030.61,0.4084000000000003,-27.049999999999727
241,2022-08-30,0.2857244312763214,0.6002991795539856,0.1139764264225959,0.029240580974146675,0.2516936408355832,0.7190657593309879,1,4,123.607,3986.16,0.21389999999999532,-44.45000000000027
242,2022-08-31,0.1002700328826904,0.8542289137840271,0.0455011241137981,0.22900225842992464,0.4259212563435237,0.34507651316622895,1,6,123.4535,3955.0,-0.15349999999999397,-31.159999999999854
243,2022-09-01,,,,0.1873118676245212,0.5158334165811539,0.29685471653938295,0,5,124.3064,3966.85,0.8528999999999911,11.849999999999909
244,2022-09-02,0.18027007728815073,0.7267322421073914,0.09299764148890968,,,,5,0,123.6919,3924.26,-0.6144999999999925,-42.58999999999969
248,2022-09-06,0.27105391522248584,0.6477489769458771,0.08119714260101313,0.47072239220142365,0.3689422030001879,0.16033541690558187,3,4,124.6871,3908.19,0.995199999999997,-16.070000000000164
249,2022-09-07,0.10248972335830325,0.4362869337201118,0.4612232893705368,0.3691190594807267,0.34685647040605544,0.2840244684368372,2,10,124.7649,3979.87,0.07779999999999632,71.67999999999984
250,2022-09-08,0.30614270947196265,0.5708395378156141,0.12301775982434093,0.2693941282729308,0.6098670015732447,0.12073887822528677,11,6,124.5036,4006.18,-0.26129999999999143,26.309999999999945
251,2022-09-09,0.14426798745989794,0.5451507568359375,0.3105812221765518,0.19434866961091754,0.5055829277262092,0.3000684306025505,2,4,123.7185,4067.36,-0.7850999999999999,61.18000000000029
254,2022-09-12,,,,0.2007851859554648,0.2484768457710743,0.5507379841059447,0,5,123.28,4110.41,-0.4385000000000048,43.04999999999973
255,2022-09-13,0.1539563089609146,0.7428734302520752,0.1031703054904937,0.26316147088073194,0.4250330664217472,0.31180546386167407,1,4,124.3481,3932.69,1.0681000000000012,-177.7199999999998
256,2022-09-14,0.2699879705905914,0.6227855086326599,0.10722649749368425,0.13186550885438916,0.29747691564261913,0.5706575699150562,2,4,124.3788,3946.01,0.030699999999995953,13.320000000000164
257,2022-09-15,0.202025331556797,0.7614410817623138,0.0365335866808891,0.2176293521964301,0.40343568846583366,0.37893496147201705,2,24,124.8118,3901.35,0.43300000000000693,-44.66000000000031
258,2022-09-16,0.0559281557798385,0.9055997133255004,0.0384721867740154,0.17826244390259183,0.5411706132193407,0.28056693356484175,1,6,124.8039,3873.33,-0.007900000000006457,-28.019999999999982
261,2022-09-19,,,,0.16489391454628533,0.511222667992115,0.3238834331610373,0,7,124.9384,3899.89,0.13450000000000273,26.559999999999945
262,2022-09-20,0.22668803731600443,0.7188979188601176,0.05441402519742639,0.23694971265892187,0.2596823889762163,0.5033679120242595,3,6,125.0583,3855.93,0.11990000000000123,-43.960000000000036
263,2022-09-21,0.1240669712424278,0.8396719098091125,0.0362611263990402,0.1992302586191467,0.53399089298078,0.2667788417477693,1,7,125.6664,3789.93,0.6080999999999932,-66.0
264,2022-09-22,0.21307475197439393,0.5542979116241137,0.2326273194824656,0.18348164148628704,0.39104833006858825,0.4254700053483248,6,5,126.0729,3757.99,0.4065000000000083,-31.940000000000055
265,2022-09-23,0.20310518943837708,0.731608510017395,0.06528629655284533,0.48625017205874127,0.39877430349588394,0.11497549635047709,7,6,127.169,3693.23,1.0960999999999927,-64.75999999999976
268,2022-09-26,0.17557189884510904,0.7668826038187201,0.05754550038413563,0.27604233295741404,0.24512267248197037,0.47883500277318736,11,11,128.3196,3655.04,1.1506000000000114,-38.190000000000055
269,2022-09-27,0.23268507607281208,0.7304164804518223,0.036898469086736385,0.40231572588284803,0.51478843887647,0.08289588242769236,8,3,128.3198,3647.29,0.0001999999999782176,-7.75
270,2022-09-28,0.21212578023021866,0.7253994670781222,0.06247474498708134,0.3492433133402041,0.48856766734804424,0.1621890022818531,11,7,127.9785,3719.04,-0.3412999999999897,71.75
271,2022-09-29,0.17107482487335798,0.7050715573132038,0.12385361944325263,0.13118320181965823,0.4955980509519577,0.373218746483326,8,5,127.4238,3640.47,-0.5546999999999969,-78.57000000000016
272,2022-09-30,0.20441862777806813,0.7193274293094873,0.07625394663773472,0.6245888322591782,0.3203675051530202,0.05504364023605977,16,3,127.4039,3585.62,-0.019900000000006912,-54.84999999999991
275,2022-10-03,0.402686670422554,0.5691173523664474,0.028195973485708195,0.36071985494345427,0.2479148507118225,0.39136529956012966,3,10,126.977,3678.43,-0.4268999999999892,92.80999999999995
276,2022-10-04,0.10638685431331393,0.6720383614301682,0.22157481778413055,0.369438910484314,0.3847215257585049,0.2458395279943943,4,5,126.1065,3790.93,-0.8705000000000069,112.5
277,2022-10-05,0.2322103530168533,0.6463126540184021,0.12147699203342195,0.10959279013331977,0.4337687739171088,0.45663843769580126,2,8,126.7759,3783.28,0.669399999999996,-7.649999999999636
278,2022-10-06,0.21720802287260688,0.7473920782407125,0.035399877776702234,0.22151276711374518,0.5942345537245274,0.1842526899650693,3,10,127.1507,3744.52,0.37480000000000757,-38.76000000000022
279,2022-10-07,0.10503000542521475,0.863040030002594,0.03192995041608806,0.1960472272975104,0.4752208100897925,0.32873196208051264,5,7,127.215,3639.66,0.06430000000000291,-104.86000000000013
283,2022-10-11,0.2977732539176941,0.662648755311966,0.03957798983901735,0.14523127183995463,0.45900813151489606,0.39576058529994707,10,11,127.5866,3588.84,0.3716000000000008,-50.81999999999971
284,2022-10-12,0.15710391166309512,0.7168160974979401,0.12607996320972836,0.5021261498332024,0.41581729240715504,0.08205655799247319,6,4,128.0611,3577.03,0.47450000000000614,-11.809999999999945
285,2022-10-13,0.2348141130059957,0.5668674409389496,0.19831842556595797,0.20400308817625046,0.44204033613204957,0.3539565712213516,2,5,127.6538,3669.91,-0.40730000000000643,92.87999999999965
286,2022-10-14,0.1438468535031591,0.779350106205259,0.07680302432605193,0.2659548221156001,0.30825704056769604,0.4257881406694651,7,10,128.2418,3583.07,0.5880000000000081,-86.83999999999969
289,2022-10-17,0.1657634031559739,0.7720087085451398,0.06222790506269247,0.3414259934797883,0.42490011560065405,0.23367388559771435,7,14,127.578,3677.95,-0.663800000000009,94.87999999999965
290,2022-10-18,0.15728728622198102,0.7516967266798019,0.09101600330322976,0.24244599626399574,0.3787460597231984,0.37880793027579784,10,8,127.843,3719.98,0.26500000000000057,42.0300000000002
291,2022-10-19,,,,0.09889635596085675,0.513267760927027,0.3878359042785384,0,11,128.3211,3695.16,0.47809999999999775,-24.820000000000164
292,2022-10-20,0.06213930621743195,0.8228683590888977,0.11499233618378635,0.24164720810949802,0.49892074055969715,0.25943204294890165,5,8,127.9346,3665.78,-0.38649999999999807,-29.379999999999654
293,2022-10-21,0.12227378040552137,0.7612117677927017,0.11651445785537358,0.3294100694358349,0.5819466888904572,0.08864321075379843,8,5,127.606,3752.75,-0.32860000000000866,86.9699999999998
296,2022-10-24,0.08845150545239447,0.6934496492147446,0.21809886395931238,0.33465469146476073,0.38701178922372703,0.2783335163531935,5,17,127.9692,3797.34,0.3632000000000062,44.590000000000146
297,2022-10-25,0.16878932565450663,0.7695453047752381,0.061665389686822836,0.21980489511042833,0.5209085494279861,0.25928655670334894,5,6,127.3311,3859.11,-0.6380999999999943,61.76999999999998
298,2022-10-26,0.22392746210098266,0.7025916934013366,0.0734808303415775,0.15759006403386588,0.35154182836413383,0.4908680893480778,5,10,126.4195,3830.6,-0.9116000000000071,-28.51000000000022
299,2022-10-27,0.2234923094511032,0.6577667013875076,0.11874099215492603,0.2763104881895216,0.3598495549277255,0.3638399615883827,28,19,126.6541,3807.3,0.23460000000000036,-23.299999999999727
300,2022-10-28,0.22872666716575624,0.7053603887557983,0.06591293029487126,0.36119783607621986,0.3175508926312129,0.3212512674120565,5,6,127.1645,3901.06,0.5104000000000042,93.75999999999976
303,2022-10-31,0.0851270712912082,0.833380201458931,0.081492743268609,0.2743016076274216,0.3945057182572782,0.3311926625901833,10,16,127.5786,3871.98,0.4140999999999906,-29.079999999999927
304,2022-11-01,0.19952381051217133,0.5670858988395104,0.2333902930124448,0.18690454512834545,0.4719156324863434,0.34117983318865297,26,5,127.348,3856.1,-0.23059999999999548,-15.88000000000011
305,2022-11-02,0.18211401761932802,0.7228048227050088,0.09508115070110011,0.24021224411470546,0.4509509152599743,0.3088368286511728,11,14,127.2652,3759.69,-0.08280000000000598,-96.40999999999985
306,2022-11-03,0.28799199427549654,0.6324456700911889,0.07956233864220286,0.23314190847855626,0.43044804826830374,0.3364100410518321,13,33,128.1087,3719.89,0.8435000000000059,-39.80000000000018
307,2022-11-04,0.14387799364825088,0.790478934844335,0.06564309013386561,0.3381480401577918,0.3840159169937435,0.27783604966182457,12,19,127.1053,3770.55,-1.0033999999999992,50.66000000000031
310,2022-11-07,0.2397077361291105,0.650607549331405,0.10968472707000641,0.3117620357179216,0.39140641401921,0.296831540869815,11,35,126.2613,3806.8,-0.8439999999999941,36.25
311,2022-11-08,0.11227415204048155,0.6041340053081512,0.2835918560624123,0.1803139995317906,0.44434958789497614,0.37533641746267676,5,16,125.6077,3828.11,-0.6536000000000115,21.309999999999945
312,2022-11-09,0.17800331754343848,0.7848566855703082,0.037139975066695856,0.35438102164438795,0.4271721238536494,0.2184468600898981,7,14,125.9479,3748.57,0.34020000000001005,-79.53999999999996
313,2022-11-10,0.1812847635398308,0.7122052237391472,0.1065100093061725,0.2149132290281928,0.48300666362047195,0.3020801021216007,12,26,124.6714,3956.37,-1.2764999999999986,207.79999999999973
317,2022-11-14,0.1775430379759358,0.7222907452479653,0.1001662241052026,0.17270195009630349,0.39492203011399224,0.4323760156652757,23,63,123.3884,3957.25,-1.2830000000000013,0.8800000000001091
318,2022-11-15,0.19145217078427468,0.6612165202697118,0.1473312985152006,0.18782141022384163,0.5041874438524246,0.30799114480614664,30,10,122.9951,3991.73,-0.39330000000001064,34.48000000000002
319,2022-11-16,0.20515990182757377,0.7002199739217758,0.09462011884897945,0.1819395232014358,0.4461904298514128,0.3718700363699879,10,14,123.243,3958.79,0.24790000000000134,-32.940000000000055
320,2022-11-17,0.18063933165235949,0.7631777308203957,0.05618294980376955,0.2459044874024888,0.333531128656533,0.4205643892702129,11,18,123.946,3946.56,0.703000000000003,-12.230000000000018
321,2022-11-18,0.17305303518386442,0.7552644110777799,0.07168256206547509,0.2653823925065808,0.390036755008623,0.3445808262331411,17,32,123.8169,3965.34,-0.129099999999994,18.7800000000002
324,2022-11-21,0.19381565554067492,0.717306312173605,0.08887803170364346,0.29024879075586796,0.3759742655242101,0.3337769443169236,16,39,124.6611,3949.94,0.8442000000000007,-15.400000000000091
325,2022-11-22,0.14570884639397258,0.6778062079101801,0.17648493475280697,0.20192839749730546,0.43652064038010746,0.36155097680882764,16,13,124.1986,4003.58,-0.4625000000000057,53.63999999999987
326,2022-11-23,0.16292380903744033,0.7391884045468436,0.09788778983056541,0.31686678727467854,0.5004515454173089,0.18268167426188783,18,15,123.734,4027.26,-0.46460000000000434,23.68000000000029
328,2022-11-25,0.14726172521855538,0.7497258000559621,0.10301247179846867,0.2605588129721582,0.3907455618493259,0.3486956236883998,77,20,123.3171,4026.12,-0.41689999999999827,-1.1400000000003274
331,2022-11-28,0.13427363459020847,0.7755794376134872,0.09014692172408101,0.25085460262025816,0.36023274569188135,0.3889126410171137,25,59,123.5866,3963.94,0.26950000000000784,-62.179999999999836
332,2022-11-29,0.1817564534333845,0.6757125491276383,0.14253099522708604,0.1765087657862089,0.3533660642802715,0.4701251683248715,48,55,123.6284,3957.63,0.04179999999999495,-6.309999999999945
333,2022-11-30,0.17017596785692454,0.7220754854856654,0.10774854095058234,0.20371657803102772,0.3908888700383681,0.4053945479293664,47,27,123.467,4080.11,-0.16140000000000043,122.48000000000002
334,2022-12-01,0.15104343988001345,0.7702764602005482,0.0786801048368215,0.20289721654728055,0.34860005401074884,0.4485027252882719,50,50,121.9697,4076.57,-1.4972999999999956,-3.5399999999999636
335,2022-12-02,0.1848630726580386,0.6666907867335755,0.1484461374702337,0.18082799020533757,0.3509442230686545,0.4682277868812283,46,30,121.9745,4071.7,0.004800000000003024,-4.870000000000346
338,2022-12-05,0.16134169028589015,0.7378783027331034,0.10078001646669922,0.20751588932442955,0.4354529933231633,0.357031114626585,27,41,122.5802,3998.84,0.6056999999999988,-72.85999999999967
339,2022-12-06,0.1799385941454342,0.686274435796908,0.13378696702420706,0.2422095142038805,0.44511180158172337,0.312678685305374,35,35,122.9649,3941.26,0.38469999999999516,-57.57999999999993
340,2022-12-07,0.1917782963265653,0.675577003847469,0.1326446982536029,0.1898270013523014,0.3849937232101665,0.42517927223268676,77,34,122.7015,3933.92,-0.2634000000000043,-7.3400000000001455
341,2022-12-08,0.20264896843582392,0.6848965453089408,0.11245448430472946,0.15222692506254784,0.4247226089771305,0.4230504630665694,53,28,122.3684,3963.51,-0.33310000000000173,29.590000000000146
342,2022-12-09,0.20443388520542413,0.6326867808220964,0.16287934486613126,0.21140903039999745,0.39111187999301095,0.3974790902917876,33,34,122.3712,3934.38,0.0028000000000076852,-29.13000000000011
345,2022-12-12,0.29599848482757807,0.6151858335360885,0.08881568897049869,0.16825712897588269,0.45564563995277557,0.3760972275725893,64,37,122.7245,3990.56,0.3533000000000044,56.179999999999836
346,2022-12-13,0.20495194257522115,0.6428843157327905,0.15216374421986387,0.15836274662856445,0.3863206852314084,0.4553165731648373,49,43,121.8116,4019.65,-0.9129000000000076,29.090000000000146
347,2022-12-14,0.11219073290980994,0.7510394354661306,0.1367698264796109,0.18301408885106923,0.3940778158364757,0.42290810405487017,42,31,121.7922,3995.32,-0.019400000000004525,-24.329999999999927
348,2022-12-15,0.1687263877903844,0.7235564446829735,0.10771716402922853,0.24386408975503096,0.44967514579184353,0.3064607601845637,94,48,122.5201,3895.75,0.7279000000000053,-99.57000000000016
349,2022-12-16,0.13726469997386884,0.7135112863385452,0.14922402261422488,0.19713219670070845,0.41406473497098145,0.38880307588048957,53,55,122.6127,3852.36,0.09260000000000446,-43.38999999999987
352,2022-12-19,0.2063684802324999,0.6731530955682198,0.12047842446537241,0.1908107830856282,0.36563148846228916,0.44355772734165955,42,78,122.5102,3817.66,-0.10250000000000625,-34.70000000000027
353,2022-12-20,0.19958204725900522,0.6304972406763297,0.16992071133035308,0.22683311163564213,0.42415350500959903,0.34901337639894336,52,32,122.1117,3821.62,-0.3984999999999985,3.9600000000000364
354,2022-12-21,0.12751856498006311,0.7333701906932725,0.13911125219116605,0.20162143330607146,0.4956779009145167,0.3027006705912451,36,36,122.2665,3878.44,0.1547999999999945,56.820000000000164
355,2022-12-22,0.1681229678484109,0.728292798766723,0.10358422958793545,0.17883641216515875,0.3378923221025616,0.48327126815759885,26,48,122.2105,3822.39,-0.055999999999997385,-56.05000000000018
356,2022-12-23,0.25220908038318157,0.6525809437997879,0.0952099708900336,0.28645573393441737,0.3950142360159329,0.3185300358371543,31,28,121.9579,3844.82,-0.25260000000000105,22.43000000000029
360,2022-12-27,0.24858468284289684,0.6723221189552738,0.07909319464177371,0.2720012161199276,0.4544706410024224,0.2735281501010787,62,82,121.7378,3829.25,-0.22010000000000218,-15.570000000000164
361,2022-12-28,0.18101557584539538,0.7448584187415338,0.07412600799673985,0.21683079876971462,0.36414970291985405,0.4190194935158447,31,27,121.9983,3783.22,0.2605000000000075,-46.0300000000002
362,2022-12-29,0.12371801990358264,0.7796679270618102,0.09661404881626363,0.16594864270288726,0.3822663589095583,0.45178501083686645,34,49,121.6556,3849.28,-0.34269999999999357,66.0600000000004
363,2022-12-30,0.1872416835071312,0.6813813884639077,0.13137692513151297,0.2831918293926513,0.3509802227172087,0.3658279340784505,36,53,121.4047,3839.5,-0.25090000000000146,-9.7800000000002
