,Date,dollar,sp500,dollar_diff,sp500_diff,bank_positive,bank_neutral,bank_negative,count_bank,fin_positive,fin_neutral,fin_negative,count_fin,bank_positive_var,bank_neutral_var,bank_negative_var,fin_positive_var,fin_neutral_var,fin_negative_var,bank_pos_dummy2,bank_neg_dummy2,fin_pos_dummy2,fin_neg_dummy2,bank_pos_dummy,bank_neu_dummy,bank_neg_dummy,fin_pos_dummy,fin_neu_dummy,fin_neg_dummy
0,2022-07-01,121.3983,3825.33,,,,,,0,0.4822324514389038,0.41972076892852783,0.09804681688547134,1,,,,,,,0,0,1,0,0,0,0,1,0,0
1,2022-07-05,122.5303,3831.39,1.1319999999999908,6.059999999999945,,,,0,,,,0,,,,,,,0,0,0,0,0,0,0,0,0,0
2,2022-07-06,122.9059,3845.08,0.3756000000000057,13.690000000000055,,,,0,,,,0,,,,,,,0,0,0,0,0,0,0,0,0,0
3,2022-07-07,122.6334,3902.62,-0.27250000000000796,57.539999999999964,,,,0,0.033656708896160126,0.3849257295951247,0.5814175605773926,2,,,,0.0007207475405142105,0.2501815416451859,0.27775874202422557,0,0,0,1,0,0,0,0,0,1
4,2022-07-08,122.3794,3899.38,-0.2539999999999907,-3.2399999999997817,,,,0,,,,0,,,,,,,0,0,0,0,0,0,0,0,0,0
5,2022-07-11,123.1972,3854.43,0.8177999999999912,-44.95000000000027,,,,0,,,,0,,,,,,,0,0,0,0,0,0,0,0,0,0
6,2022-07-12,123.3302,3818.8,0.13300000000000978,-35.629999999999654,,,,0,,,,0,,,,,,,0,0,0,0,0,0,0,0,0,0
7,2022-07-13,123.1654,3801.78,-0.1647999999999996,-17.019999999999982,,,,0,0.5926474928855896,0.3172399401664734,0.09011255204677582,1,,,,,,,0,0,1,0,0,0,0,1,0,0
8,2022-07-14,123.9404,3790.38,0.7749999999999915,-11.400000000000091,,,,0,,,,0,,,,,,,0,0,0,0,0,0,0,0,0,0
9,2022-07-15,123.3601,3863.16,-0.580299999999994,72.77999999999975,,,,0,,,,0,,,,,,,0,0,0,0,0,0,0,0,0,0
10,2022-07-18,122.6637,3830.85,-0.696399999999997,-32.309999999999945,,,,0,,,,0,,,,,,,0,0,0,0,0,0,0,0,0,0
11,2022-07-19,122.3745,3936.69,-0.2892000000000081,105.84000000000015,,,,0,0.013925940729677677,0.054673418402671814,0.9314006567001343,1,,,,,,,0,0,0,1,0,0,0,0,0,1
12,2022-07-20,122.4864,3959.9,0.11190000000000566,23.210000000000036,,,,0,,,,0,,,,,,,0,0,0,0,0,0,0,0,0,0
13,2022-07-21,122.8004,3998.95,0.31399999999999295,39.04999999999973,,,,0,,,,0,,,,,,,0,0,0,0,0,0,0,0,0,0
14,2022-07-22,122.3473,3961.63,-0.45309999999999206,-37.31999999999971,,,,0,,,,0,,,,,,,0,0,0,0,0,0,0,0,0,0
15,2022-07-25,122.3579,3966.84,0.010599999999996612,5.210000000000036,,,,0,0.2155824899673462,0.7606323957443237,0.023785045370459557,1,,,,,,,0,0,1,0,0,0,0,0,1,0
16,2022-07-26,122.6609,3921.05,0.30299999999999727,-45.789999999999964,,,,0,0.4376899302005768,0.3960519880056381,0.1662580855190754,2,,,,0.009889547799859955,1.607839938033706e-05,0.010703145862351021,0,0,1,0,0,0,0,1,0,0
17,2022-07-27,122.7174,4023.61,0.05649999999999977,102.55999999999995,,,,0,0.6471110582351685,0.2575414180755615,0.0953475683927536,1,,,,,,,0,0,1,0,0,0,0,1,0,0
18,2022-07-28,122.024,4072.43,-0.6933999999999969,48.81999999999971,,,,0,0.2233338262885809,0.43858838081359863,0.33807778474874794,4,,,,0.08671142555170093,0.06197898098460719,0.10431976353524053,0,0,0,1,0,0,0,0,1,0
19,2022-07-29,121.6934,4130.29,-0.330600000000004,57.86000000000013,,,,0,,,,0,,,,,,,0,0,0,0,0,0,0,0,0,0
20,2022-08-01,121.3454,4118.63,-0.347999999999999,-11.659999999999854,,,,0,,,,0,,,,,,,0,0,0,0,0,0,0,0,0,0
21,2022-08-02,121.8569,4091.19,0.5114999999999981,-27.440000000000055,,,,0,,,,0,,,,,,,0,0,0,0,0,0,0,0,0,0
22,2022-08-03,122.293,4155.17,0.43610000000001037,63.98000000000002,,,,0,,,,0,,,,,,,0,0,0,0,0,0,0,0,0,0
23,2022-08-04,121.7517,4151.94,-0.5413000000000068,-3.230000000000473,,,,0,0.7082036137580872,0.2649669349193573,0.026829462498426437,1,,,,,,,0,0,1,0,0,0,0,1,0,0
24,2022-08-05,122.2345,4145.19,0.48279999999999745,-6.75,,,,0,0.24715536832809448,0.5191226601600647,0.23372194170951843,1,,,,,,,0,0,1,0,0,0,0,0,1,0
25,2022-08-08,121.7944,4140.06,-0.44010000000000105,-5.1299999999992,,,,0,,,,0,,,,,,,0,0,0,0,0,0,0,0,0,0
26,2022-08-09,121.7824,4122.47,-0.012000000000000455,-17.590000000000146,,,,0,,,,0,,,,,,,0,0,0,0,0,0,0,0,0,0
27,2022-08-10,120.6894,4210.24,-1.0929999999999893,87.76999999999953,,,,0,,,,0,,,,,,,0,0,0,0,0,0,0,0,0,0
28,2022-08-11,120.655,4207.27,-0.03440000000000509,-2.969999999999345,,,,0,,,,0,,,,,,,0,0,0,0,0,0,0,0,0,0
29,2022-08-12,120.9499,4280.15,0.2948999999999984,72.8799999999992,,,,0,,,,0,,,,,,,0,0,0,0,0,0,0,0,0,0
30,2022-08-15,121.3583,4297.14,0.4084000000000003,16.99000000000069,,,,0,0.02689465321600437,0.4897831380367279,0.48332223296165466,1,,,,,,,0,0,0,1,0,0,0,0,1,0
31,2022-08-16,121.6112,4305.2,0.2528999999999968,8.05999999999949,,,,0,,,,0,,,,,,,0,0,0,0,0,0,0,0,0,0
32,2022-08-17,121.991,4274.04,0.379800000000003,-31.159999999999854,,,,0,,,,0,,,,,,,0,0,0,0,0,0,0,0,0,0
33,2022-08-18,122.2758,4283.74,0.28480000000000416,9.699999999999818,,,,0,,,,0,,,,,,,0,0,0,0,0,0,0,0,0,0
34,2022-08-19,122.9575,4228.48,0.6816999999999922,-55.26000000000022,,,,0,0.4642113745212555,0.4463975429534912,0.08939099311828613,1,,,,,,,0,0,1,0,0,0,0,1,0,0
35,2022-08-22,123.5096,4137.99,0.55210000000001,-90.48999999999978,,,,0,0.5050214529037476,0.32103270292282104,0.1739458292722702,1,,,,,,,0,0,1,0,0,0,0,1,0,0
36,2022-08-23,122.9691,4128.73,-0.5405000000000086,-9.260000000000218,,,,0,,,,0,,,,,,,0,0,0,0,0,0,0,0,0,0
37,2022-08-24,123.0226,4140.77,0.05349999999999966,12.040000000000873,,,,0,,,,0,,,,,,,0,0,0,0,0,0,0,0,0,0
38,2022-08-25,122.9714,4199.12,-0.05119999999999436,58.349999999999454,,,,0,,,,0,,,,,,,0,0,0,0,0,0,0,0,0,0
39,2022-08-26,122.9847,4057.66,0.013300000000000978,-141.46000000000004,,,,0,0.09724238514900208,0.7471774816513062,0.15558019280433655,1,,,,,,,0,0,0,0,0,0,0,0,1,0
40,2022-08-29,123.3931,4030.61,0.4084000000000003,-27.049999999999727,,,,0,,,,0,,,,,,,0,0,0,0,0,0,0,0,0,0
41,2022-08-30,123.607,3986.16,0.21389999999999532,-44.45000000000027,,,,0,0.07231102883815765,0.8125472068786621,0.11514170467853546,1,,,,,,,0,0,0,0,0,0,0,0,1,0
42,2022-08-31,123.4535,3955.0,-0.15349999999999397,-31.159999999999854,,,,0,,,,0,,,,,,,0,0,0,0,0,0,0,0,0,0
43,2022-09-01,124.3064,3966.85,0.8528999999999911,11.849999999999909,,,,0,0.3135252296924591,0.49230873584747314,0.19416597485542297,1,,,,,,,0,0,1,0,0,0,0,0,1,0
44,2022-09-02,123.6919,3924.26,-0.6144999999999925,-42.58999999999969,,,,0,,,,0,,,,,,,0,0,0,0,0,0,0,0,0,0
45,2022-09-06,124.6871,3908.19,0.995199999999997,-16.070000000000164,,,,0,,,,0,,,,,,,0,0,0,0,0,0,0,0,0,0
46,2022-09-07,124.7649,3979.87,0.07779999999999632,71.67999999999984,,,,0,0.7787799040476481,0.16589471449454626,0.05532540753483772,3,,,,0.010282205017312881,0.007239300391304066,0.001666362048036038,0,0,1,0,0,0,0,1,0,0
47,2022-09-08,124.5036,4006.18,-0.26129999999999143,26.309999999999945,,,,0,,,,0,,,,,,,0,0,0,0,0,0,0,0,0,0
48,2022-09-09,123.7185,4067.36,-0.7850999999999999,61.18000000000029,,,,0,,,,0,,,,,,,0,0,0,0,0,0,0,0,0,0
49,2022-09-12,123.28,4110.41,-0.4385000000000048,43.04999999999973,,,,0,,,,0,,,,,,,0,0,0,0,0,0,0,0,0,0
50,2022-09-13,124.3481,3932.69,1.0681000000000012,-177.7199999999998,,,,0,0.8876310586929321,0.08212753385305405,0.030241427943110466,1,,,,,,,0,0,1,0,0,0,0,1,0,0
51,2022-09-14,124.3788,3946.01,0.030699999999995953,13.320000000000164,,,,0,,,,0,,,,,,,0,0,0,0,0,0,0,0,0,0
52,2022-09-15,124.8118,3901.35,0.43300000000000693,-44.66000000000031,,,,0,0.09819418026341332,0.3226141101784176,0.579191717836592,9,,,,0.018796903899144818,0.0666478913438562,0.12580192515702576,0,0,0,1,0,0,0,0,0,1
53,2022-09-16,124.8039,3873.33,-0.007900000000006457,-28.019999999999982,,,,0,0.06598557531833649,0.9065267443656921,0.027487657964229584,1,,,,,,,0,0,0,0,0,0,0,0,1,0
54,2022-09-19,124.9384,3899.89,0.13450000000000273,26.559999999999945,,,,0,0.4407425820827484,0.37867066264152527,0.18058675527572632,1,,,,,,,0,0,1,0,0,0,0,1,0,0
55,2022-09-20,125.0583,3855.93,0.11990000000000123,-43.960000000000036,,,,0,,,,0,,,,,,,0,0,0,0,0,0,0,0,0,0
56,2022-09-21,125.6664,3789.93,0.6080999999999932,-66.0,,,,0,0.6249162554740906,0.36162304878234863,0.013460730202496052,1,,,,,,,0,0,1,0,0,0,0,1,0,0
57,2022-09-22,126.0729,3757.99,0.4065000000000083,-31.940000000000055,,,,0,,,,0,,,,,,,0,0,0,0,0,0,0,0,0,0
58,2022-09-23,127.169,3693.23,1.0960999999999927,-64.75999999999976,,,,0,0.25959262251853943,0.5326526165008545,0.20775474607944489,1,,,,,,,0,0,1,0,0,0,0,0,1,0
59,2022-09-26,128.3196,3655.04,1.1506000000000114,-38.190000000000055,,,,0,0.0919749066233635,0.22505134344100952,0.6829738020896912,1,,,,,,,0,0,0,1,0,0,0,0,0,1
60,2022-09-27,128.3198,3647.29,0.0001999999999782176,-7.75,,,,0,,,,0,,,,,,,0,0,0,0,0,0,0,0,0,0
61,2022-09-28,127.9785,3719.04,-0.3412999999999897,71.75,,,,0,,,,0,,,,,,,0,0,0,0,0,0,0,0,0,0
62,2022-09-29,127.4238,3640.47,-0.5546999999999969,-78.57000000000016,,,,0,,,,0,,,,,,,0,0,0,0,0,0,0,0,0,0
63,2022-09-30,127.4039,3585.62,-0.019900000000006912,-54.84999999999991,,,,0,,,,0,,,,,,,0,0,0,0,0,0,0,0,0,0
64,2022-10-03,126.977,3678.43,-0.4268999999999892,92.80999999999995,,,,0,,,,0,,,,,,,0,0,0,0,0,0,0,0,0,0
65,2022-10-04,126.1065,3790.93,-0.8705000000000069,112.5,,,,0,0.044733308255672455,0.8597801923751831,0.09548645466566086,1,,,,,,,0,0,0,0,0,0,0,0,1,0
66,2022-10-05,126.7759,3783.28,0.669399999999996,-7.649999999999636,,,,0,0.2966761589050293,0.623895525932312,0.0794282853603363,1,,,,,,,0,0,1,0,0,0,0,0,1,0
67,2022-10-06,127.1507,3744.52,0.37480000000000757,-38.76000000000022,,,,0,,,,0,,,,,,,0,0,0,0,0,0,0,0,0,0
68,2022-10-07,127.215,3639.66,0.06430000000000291,-104.86000000000013,,,,0,,,,0,,,,,,,0,0,0,0,0,0,0,0,0,0
69,2022-10-11,127.5866,3588.84,0.3716000000000008,-50.81999999999971,,,,0,,,,0,,,,,,,0,0,0,0,0,0,0,0,0,0
70,2022-10-12,128.0611,3577.03,0.47450000000000614,-11.809999999999945,,,,0,,,,0,,,,,,,0,0,0,0,0,0,0,0,0,0
71,2022-10-13,127.6538,3669.91,-0.40730000000000643,92.87999999999965,,,,0,,,,0,,,,,,,0,0,0,0,0,0,0,0,0,0
72,2022-10-14,128.2418,3583.07,0.5880000000000081,-86.83999999999969,,,,0,,,,0,,,,,,,0,0,0,0,0,0,0,0,0,0
73,2022-10-17,127.578,3677.95,-0.663800000000009,94.87999999999965,,,,0,0.0479297935962677,0.8827968239784241,0.06927333772182465,1,,,,,,,0,0,0,0,0,0,0,0,1,0
74,2022-10-18,127.843,3719.98,0.26500000000000057,42.0300000000002,,,,0,,,,0,,,,,,,0,0,0,0,0,0,0,0,0,0
75,2022-10-19,128.3211,3695.16,0.47809999999999775,-24.820000000000164,,,,0,,,,0,,,,,,,0,0,0,0,0,0,0,0,0,0
76,2022-10-20,127.9346,3665.78,-0.38649999999999807,-29.379999999999654,,,,0,0.8365810513496399,0.148686483502388,0.014732442796230316,1,,,,,,,0,0,1,0,0,0,0,1,0,0
77,2022-10-21,127.606,3752.75,-0.32860000000000866,86.9699999999998,,,,0,,,,0,,,,,,,0,0,0,0,0,0,0,0,0,0
78,2022-10-24,127.9692,3797.34,0.3632000000000062,44.590000000000146,,,,0,,,,0,,,,,,,0,0,0,0,0,0,0,0,0,0
79,2022-10-25,127.3311,3859.11,-0.6380999999999943,61.76999999999998,,,,0,,,,0,,,,,,,0,0,0,0,0,0,0,0,0,0
80,2022-10-26,126.4195,3830.6,-0.9116000000000071,-28.51000000000022,,,,0,,,,0,,,,,,,0,0,0,0,0,0,0,0,0,0
81,2022-10-27,126.6541,3807.3,0.23460000000000036,-23.299999999999727,,,,0,0.02646966464817524,0.407016396522522,0.5665139555931091,1,,,,,,,0,0,0,1,0,0,0,0,0,1
82,2022-10-28,127.1645,3901.06,0.5104000000000042,93.75999999999976,,,,0,0.8594415187835693,0.12890127301216125,0.01165726687759161,1,,,,,,,0,0,1,0,0,0,0,1,0,0
83,2022-10-31,127.5786,3871.98,0.4140999999999906,-29.079999999999927,,,,0,,,,0,,,,,,,0,0,0,0,0,0,0,0,0,0
84,2022-11-01,127.348,3856.1,-0.23059999999999548,-15.88000000000011,,,,0,,,,0,,,,,,,0,0,0,0,0,0,0,0,0,0
85,2022-11-02,127.2652,3759.69,-0.08280000000000598,-96.40999999999985,,,,0,0.07374029234051704,0.8807310461997986,0.045528678223490715,2,,,,3.0927607275466062e-06,0.0005604927338254129,0.0006468552810665676,0,0,0,0,0,0,0,0,1,0
86,2022-11-03,128.1087,3719.89,0.8435000000000059,-39.80000000000018,,,,0,0.0647997260093689,0.8452529311180115,0.08994734287261963,1,,,,,,,0,0,0,0,0,0,0,0,1,0
87,2022-11-04,127.1053,3770.55,-1.0033999999999992,50.66000000000031,,,,0,,,,0,,,,,,,0,0,0,0,0,0,0,0,0,0
88,2022-11-07,126.2613,3806.8,-0.8439999999999941,36.25,,,,0,,,,0,,,,,,,0,0,0,0,0,0,0,0,0,0
89,2022-11-08,125.6077,3828.11,-0.6536000000000115,21.309999999999945,,,,0,,,,0,,,,,,,0,0,0,0,0,0,0,0,0,0
90,2022-11-09,125.9479,3748.57,0.34020000000001005,-79.53999999999996,,,,0,0.7299611568450928,0.14486220479011536,0.12517662346363068,1,,,,,,,0,0,1,0,0,0,0,1,0,0
91,2022-11-10,124.6714,3956.37,-1.2764999999999986,207.79999999999973,,,,0,0.45401372015476227,0.4894947409629822,0.056491581723093987,2,,,,0.19927552840580676,0.26038188008715224,0.004079803667277344,0,0,1,0,0,0,0,0,1,0
92,2022-11-14,123.3884,3957.25,-1.2830000000000013,0.8800000000001091,,,,0,0.4534342586994171,0.4532683417201042,0.09329737350344658,2,,,,0.11665617920115956,0.11327867817934323,2.4807358089989906e-05,0,0,1,0,0,0,0,1,0,0
93,2022-11-15,122.9951,3991.73,-0.39330000000001064,34.48000000000002,,,,0,,,,0,,,,,,,0,0,0,0,0,0,0,0,0,0
94,2022-11-16,123.243,3958.79,0.24790000000000134,-32.940000000000055,,,,0,,,,0,,,,,,,0,0,0,0,0,0,0,0,0,0
95,2022-11-17,123.946,3946.56,0.703000000000003,-12.230000000000018,,,,0,,,,0,,,,,,,0,0,0,0,0,0,0,0,0,0
96,2022-11-18,123.8169,3965.34,-0.129099999999994,18.7800000000002,,,,0,0.40443405956029893,0.4774198070168495,0.11814609467983246,10,,,,0.045852124209918015,0.03728395203813645,0.004060942448833214,0,0,1,0,0,0,0,0,1,0
97,2022-11-21,124.6611,3949.94,0.8442000000000007,-15.400000000000091,,,,0,0.18340334296226501,0.5503201931715012,0.2662764824926853,2,,,,0.021739473911283724,0.12606029591959045,0.04310048450448048,0,0,0,1,0,0,0,0,1,0
98,2022-11-22,124.1986,4003.58,-0.4625000000000057,53.63999999999987,,,,0,0.37114500999450684,0.44126439094543457,0.1875905841588974,1,,,,,,,0,0,1,0,0,0,0,0,1,0
99,2022-11-23,123.734,4027.26,-0.46460000000000434,23.68000000000029,,,,0,,,,0,,,,,,,0,0,0,0,0,0,0,0,0,0
100,2022-11-25,123.3171,4026.12,-0.41689999999999827,-1.1400000000003274,,,,0,0.19397952361032367,0.3275512005202472,0.47846924141049385,4,,,,0.03000858865996427,0.10350308364856957,0.12306690626087748,0,0,0,1,0,0,0,0,0,1
101,2022-11-28,123.5866,3963.94,0.26950000000000784,-62.179999999999836,,,,0,,,,0,,,,,,,0,0,0,0,0,0,0,0,0,0
102,2022-11-29,123.6284,3957.63,0.04179999999999495,-6.309999999999945,,,,0,,,,0,,,,,,,0,0,0,0,0,0,0,0,0,0
103,2022-11-30,123.467,4080.11,-0.16140000000000043,122.48000000000002,,,,0,,,,0,,,,,,,0,0,0,0,0,0,0,0,0,0
104,2022-12-01,121.9697,4076.57,-1.4972999999999956,-3.5399999999999636,,,,0,0.7810534238815308,0.16713504493236542,0.05181152746081352,1,,,,,,,0,0,1,0,0,0,0,1,0,0
105,2022-12-02,121.9745,4071.7,0.004800000000003024,-4.870000000000346,,,,0,,,,0,,,,,,,0,0,0,0,0,0,0,0,0,0
106,2022-12-05,122.5802,3998.84,0.6056999999999988,-72.85999999999967,,,,0,0.12339252978563309,0.795400083065033,0.08120734430849552,2,,,,0.0019068649539627502,3.4791729497385404e-05,0.0024568006689516045,0,0,0,0,0,0,0,0,1,0
107,2022-12-06,122.9649,3941.26,0.38469999999999516,-57.57999999999993,,,,0,0.29285196199392277,0.284500315785408,0.42264773044735193,6,,,,0.16195653464992232,0.058108976827758084,0.1225300102437826,0,0,0,1,0,0,0,0,0,1
108,2022-12-07,122.7015,3933.92,-0.2634000000000043,-7.3400000000001455,,,,0,0.05669289827346802,0.7546614408493042,0.1886456459760666,1,,,,,,,0,0,0,0,0,0,0,0,1,0
109,2022-12-08,122.3684,3963.51,-0.33310000000000173,29.590000000000146,,,,0,,,,0,,,,,,,0,0,0,0,0,0,0,0,0,0
110,2022-12-09,122.3712,3934.38,0.0028000000000076852,-29.13000000000011,,,,0,0.414328008890152,0.22415660321712494,0.36151541769504547,2,,,,0.0013857902603220396,0.01455122875153636,0.024918099365490054,0,0,1,0,0,0,0,1,0,0
111,2022-12-12,122.7245,3990.56,0.3533000000000044,56.179999999999836,,,,0,,,,0,,,,,,,0,0,0,0,0,0,0,0,0,0
112,2022-12-13,121.8116,4019.65,-0.9129000000000076,29.090000000000146,,,,0,0.033315759152173996,0.5505456924438477,0.41613849997520447,1,,,,,,,0,0,0,1,0,0,0,0,1,0
113,2022-12-14,121.7922,3995.32,-0.019400000000004525,-24.329999999999927,,,,0,,,,0,,,,,,,0,0,0,0,0,0,0,0,0,0
114,2022-12-15,122.5201,3895.75,0.7279000000000053,-99.57000000000016,,,,0,,,,0,,,,,,,0,0,0,0,0,0,0,0,0,0
115,2022-12-16,122.6127,3852.36,0.09260000000000446,-43.38999999999987,,,,0,0.207689568400383,0.30378860235214233,0.4885217249393463,1,,,,,,,0,0,0,1,0,0,0,0,0,1
116,2022-12-19,122.5102,3817.66,-0.10250000000000625,-34.70000000000027,,,,0,0.10820742789655924,0.47410348504781724,0.41768907755613327,5,,,,0.0116403888467623,0.13329174510828246,0.19198351830200094,0,0,0,1,0,0,0,0,1,0
117,2022-12-20,122.1117,3821.62,-0.3984999999999985,3.9600000000000364,,,,0,,,,0,,,,,,,0,0,0,0,0,0,0,0,0,0
118,2022-12-21,122.2665,3878.44,0.1547999999999945,56.820000000000164,,,,0,,,,0,,,,,,,0,0,0,0,0,0,0,0,0,0
119,2022-12-22,122.2105,3822.39,-0.055999999999997385,-56.05000000000018,,,,0,0.16299916058778763,0.3474232256412506,0.48957765847444534,2,,,,0.012974797451462128,0.11238819963091551,0.20173611809398484,0,0,0,1,0,0,0,0,0,1
120,2022-12-23,121.9579,3844.82,-0.25260000000000105,22.43000000000029,,,,0,,,,0,,,,,,,0,0,0,0,0,0,0,0,0,0
121,2022-12-27,121.7378,3829.25,-0.22010000000000218,-15.570000000000164,,,,0,0.2019103467464447,0.41494105756282806,0.3831486105918884,2,,,,0.03273568533899329,0.008554824015583495,0.07475979198523675,0,0,0,1,0,0,0,0,1,0
122,2022-12-28,121.9983,3783.22,0.2605000000000075,-46.0300000000002,,,,0,0.18650421034544706,0.36399757117033005,0.44949827529489994,2,,,,0.05704982121237105,0.09867733769013942,0.3057874395793822,0,0,0,1,0,0,0,0,0,1
123,2022-12-29,121.6556,3849.28,-0.34269999999999357,66.0600000000004,,,,0,0.9442613124847412,0.038369059562683105,0.017369655892252922,1,,,,,,,0,0,1,0,0,0,0,1,0,0
124,2022-12-30,121.4047,3839.5,-0.25090000000000146,-9.7800000000002,,,,0,0.6435589790344238,0.31975716911256313,0.03668384253978729,2,,,,0.1539336830390141,0.13681082249290327,0.0005046467519475017,0,0,1,0,0,0,0,1,0,0
125,2023-01-03,122.041,3824.14,0.6362999999999914,-15.360000000000127,,,,0,0.44579918682575226,0.5155190005898476,0.03868180482337872,3,,,,0.14455439158620442,0.12623435987937154,0.0007123713427957814,0,0,1,0,0,0,0,0,1,0
126,2023-01-04,121.4767,3852.97,-0.5643000000000029,28.829999999999927,,,,0,,,,0,,,,,,,0,0,0,0,0,0,0,0,0,0
127,2023-01-05,122.0316,3808.1,0.5549000000000035,-44.86999999999989,,,,0,0.29604758881032467,0.22457829862833023,0.47937409579753876,2,,,,0.10914298819043772,0.013437457854039825,0.19917292747223359,0,0,0,1,0,0,0,0,0,1
128,2023-01-06,121.044,3895.08,-0.9876000000000005,86.98000000000002,,,,0,,,,0,,,,,,,0,0,0,0,0,0,0,0,0,0
129,2023-01-09,120.0928,3892.09,-0.9512,-2.9899999999997817,,,,0,0.2993144039064646,0.35418191738426685,0.34650369454175234,4,,,,0.10976803354560843,0.07811684663250049,0.0937435456904533,0,0,0,1,0,0,0,0,1,0
130,2023-01-10,120.1881,3919.25,0.09530000000000882,27.159999999999854,,,,0,,,,0,,,,,,,0,0,0,0,0,0,0,0,0,0
131,2023-01-11,120.0968,3969.61,-0.09130000000000393,50.36000000000013,,,,0,,,,0,,,,,,,0,0,0,0,0,0,0,0,0,0
132,2023-01-12,119.3624,3983.17,-0.7344000000000079,13.559999999999945,,,,0,0.10622159810736775,0.7743828780949116,0.11939548840746284,8,,,,0.003916574317323227,0.020630696370323505,0.01699768867923877,0,0,0,0,0,0,0,0,1,0
133,2023-01-13,119.0901,3999.09,-0.2722999999999871,15.920000000000073,,,,0,0.048840347677469254,0.9151167273521423,0.03604297712445259,1,,,,,,,0,0,0,0,0,0,0,0,1,0
134,2023-01-17,119.1802,3990.97,0.09009999999999252,-8.120000000000346,,,,0,0.1790491690238317,0.5236039658387502,0.29734687879681587,3,,,,0.06375729587812458,0.10378313674401547,0.17538621123829756,0,0,0,1,0,0,0,0,1,0
135,2023-01-18,119.0426,3928.86,-0.13760000000000616,-62.10999999999967,,,,0,0.4461241289973259,0.4376411885023117,0.11623466806486249,4,,,,0.057751001590401176,0.030943552360919984,0.012963643539317421,0,0,1,0,0,0,0,1,0,0
136,2023-01-19,119.5592,3898.85,0.516600000000011,-30.01000000000022,,,,0,0.03639198839664459,0.2820964455604553,0.6815115809440613,1,,,,,,,0,0,0,1,0,0,0,0,0,1
137,2023-01-20,119.3251,3972.61,-0.23409999999999798,73.76000000000022,,,,0,0.08735832571983337,0.8200758099555969,0.0925658568739891,1,,,,,,,0,0,0,0,0,0,0,0,1,0
138,2023-01-23,119.1417,4019.81,-0.183400000000006,47.19999999999982,,,,0,0.19107554852962494,0.7433615326881409,0.06556292623281479,1,,,,,,,0,0,0,0,0,0,0,0,1,0
139,2023-01-24,119.0923,4016.95,-0.04940000000000566,-2.8600000000001273,,,,0,0.3380804620683193,0.4820028344790141,0.17991668855150542,3,,,,0.1484916165842496,0.06754652221761623,0.03310720843771375,0,0,1,0,0,0,0,0,1,0
140,2023-01-25,118.9715,4016.22,-0.12079999999998847,-0.7300000000000182,,,,0,,,,0,,,,,,,0,0,0,0,0,0,0,0,0,0
141,2023-01-26,119.0236,4060.43,0.052099999999995816,44.210000000000036,,,,0,0.25889667868614197,0.6426917314529419,0.09841157495975494,1,,,,,,,0,0,1,0,0,0,0,0,1,0
142,2023-01-27,118.9295,4070.56,-0.09409999999999741,10.13000000000011,,,,0,,,,0,,,,,,,0,0,0,0,0,0,0,0,0,0
143,2023-01-30,118.8786,4017.77,-0.05089999999999861,-52.789999999999964,,,,0,0.23697499123712382,0.5711038336157799,0.19192117949326834,6,,,,0.06195924409916459,0.06580612314310394,0.029124431031694743,0,0,1,0,0,0,0,0,1,0
144,2023-01-31,118.9619,4076.6,0.08329999999999416,58.82999999999993,,,,0,,,,0,,,,,,,0,0,0,0,0,0,0,0,0,0
145,2023-02-01,118.6101,4119.21,-0.3517999999999972,42.61000000000013,,,,0,,,,0,,,,,,,0,0,0,0,0,0,0,0,0,0
146,2023-02-02,118.3164,4179.76,-0.2937000000000012,60.55000000000018,,,,0,0.0396004244685173,0.09437954425811768,0.8660200834274292,1,,,,,,,0,0,0,1,0,0,0,0,0,1
147,2023-02-03,119.4642,4136.48,1.1478000000000037,-43.280000000000655,,,,0,,,,0,,,,,,,0,0,0,0,0,0,0,0,0,0
148,2023-02-06,120.461,4111.08,0.9967999999999932,-25.399999999999636,,,,0,0.20950210404892763,0.39005184173583984,0.400446022550265,3,,,,0.0462131397042454,0.08548019991210953,0.13918397191030082,0,0,0,1,0,0,0,0,0,1
149,2023-02-07,120.2808,4164.0,-0.18019999999999925,52.92000000000007,,,,0,0.05189175345003605,0.4514419808983803,0.49666620045900345,2,,,,0.00010896067562083528,0.19843800904387188,0.20784689001999024,0,0,0,1,0,0,0,0,0,1
150,2023-02-08,120.101,4117.86,-0.17980000000000018,-46.14000000000033,,,,0,0.03454204152027766,0.5551498631636301,0.4103080630302429,3,,,,0.000116519765590369,0.0036863060884367487,0.0029188577812924166,0,0,0,1,0,0,0,0,1,0
151,2023-02-09,119.9425,4081.5,-0.15850000000000364,-36.35999999999967,,,,0,0.1833347849547863,0.34134135842323304,0.47532385438680647,5,,,,0.09312193628055423,0.05676838589438409,0.12730322854087,0,0,0,1,0,0,0,0,0,1
152,2023-02-10,120.1228,4090.46,0.18030000000000257,8.960000000000036,,,,0,0.08843058440834284,0.4930502325296402,0.4185192175209522,4,,,,0.005065438178319063,0.06786603052954465,0.0821397453592667,0,0,0,1,0,0,0,0,1,0
153,2023-02-13,119.9952,4137.29,-0.12760000000000105,46.82999999999993,,,,0,0.08512801180283229,0.39455487330754596,0.5203171359996001,3,,,,0.007204666147842894,0.1394878448749009,0.2098960933532048,0,0,0,1,0,0,0,0,0,1
154,2023-02-14,119.9426,4136.13,-0.052599999999998204,-1.1599999999998545,,,,0,0.1245176587253809,0.41219710409641264,0.4632852353155613,5,,,,0.016750983706323712,0.05628908439483689,0.12423194006722453,0,0,0,1,0,0,0,0,0,1
155,2023-02-15,120.4772,4147.6,0.5345999999999975,11.470000000000255,,,,0,0.3107342693422522,0.3509995532887323,0.33826618109430584,7,,,,0.09627505459586704,0.04735099483046473,0.09364811648816089,0,0,0,1,0,0,0,0,1,0
156,2023-02-16,120.4938,4090.41,0.01659999999999684,-57.19000000000051,,,,0,0.19690991485757486,0.45166852857385364,0.3514215850404331,7,,,,0.04248117282514861,0.05418340014005366,0.10147428655648506,0,0,0,1,0,0,0,0,1,0
157,2023-02-17,120.5898,4079.09,0.09600000000000364,-11.319999999999709,,,,0,0.10282942652702332,0.807319700717926,0.08985081315040588,1,,,,,,,0,0,0,0,0,0,0,0,1,0
158,2023-02-21,120.6705,3997.34,0.08070000000000732,-81.75,,,,0,0.0598238967359066,0.5041198432445526,0.4360562587777774,3,,,,0.00030935499024246915,0.0783658768810378,0.08820606338447724,0,0,0,1,0,0,0,0,1,0
159,2023-02-22,120.8904,3991.05,0.21989999999999554,-6.289999999999964,,,,0,,,,0,,,,,,,0,0,0,0,0,0,0,0,0,0
160,2023-02-23,121.1348,4012.32,0.24439999999999884,21.269999999999982,,,,0,0.13241239610527242,0.4105643779039383,0.45702325818794115,7,,,,0.015166713667269316,0.060542150558961096,0.08473578777762769,0,0,0,1,0,0,0,0,0,1
161,2023-02-24,121.6304,3970.04,0.49559999999999604,-42.2800000000002,,,,0,0.1136135533452034,0.252436101436615,0.6339503526687622,1,,,,,,,0,0,0,1,0,0,0,0,0,1
162,2023-02-27,121.4665,3982.24,-0.16389999999999816,12.199999999999818,,,,0,0.13935501221567392,0.3459053095430136,0.5147397145628929,4,,,,0.031119276520583983,0.08967309792383245,0.15557014526397558,0,0,0,1,0,0,0,0,0,1
163,2023-02-28,121.4065,3970.15,-0.060000000000002274,-12.08999999999969,,,,0,,,,0,,,,,,,0,0,0,0,0,0,0,0,0,0
164,2023-03-01,120.6963,3951.39,-0.7102000000000004,-18.76000000000022,,,,0,0.17209105180310352,0.2985916520868029,0.5293172965092319,7,,,,0.07206324423430537,0.09369995445051475,0.14230957168344688,0,0,0,1,0,0,0,0,0,1
165,2023-03-02,121.1967,3981.35,0.5004000000000133,29.960000000000036,,,,0,0.0887345764786005,0.19496809194485346,0.7162973384062449,3,,,,0.015387365304546544,0.03418445460039789,0.09518764659718068,0,0,0,1,0,0,0,0,0,1
166,2023-03-03,120.8531,4045.64,-0.34360000000000923,64.28999999999996,,,,0,0.19954731711186469,0.5253964327275753,0.2750562387518585,8,,,,0.056407537300401746,0.06802780172694853,0.06897309921243307,0,0,0,1,0,0,0,0,1,0
167,2023-03-06,120.5949,4048.42,-0.2582000000000022,2.7800000000002,,,,0,0.19626977952430025,0.37039128225296736,0.43333893024828285,16,,,,0.046518129799002446,0.0638525454066624,0.14658556867443806,0,0,0,1,0,0,0,0,0,1
168,2023-03-07,121.5364,3986.37,0.9415000000000049,-62.05000000000018,,,,0,0.1986973057501018,0.33638371527194977,0.4649189915508032,4,,,,0.038974714865084296,0.024914748240178437,0.11343008519062688,0,0,0,1,0,0,0,0,0,1
169,2023-03-08,121.5306,3992.01,-0.005799999999993588,5.640000000000327,,,,0,0.267746277153492,0.6290331035852432,0.1032206080853939,4,,,,0.04943040712209549,0.04140575827508849,0.0009090015725630729,0,0,1,0,0,0,0,0,1,0
170,2023-03-09,121.5307,3918.32,9.99999999891088e-05,-73.69000000000005,,,,0,0.16095716257890066,0.38401854038238525,0.4550243020057678,3,,,,0.011280643422008815,0.03952751719306136,0.05941551385177135,0,0,0,1,0,0,0,0,0,1
171,2023-03-10,121.2924,3861.59,-0.2382999999999953,-56.73000000000002,,,,0,0.1705435040322217,0.6089422079649839,0.22051429477604953,11,,,,0.0423876884722066,0.04793188966020052,0.0506961909225751,0,0,0,1,0,0,0,0,1,0
172,2023-03-13,120.8944,3855.76,-0.39799999999999613,-5.829999999999927,,,,0,0.23520920692795985,0.349124176329688,0.41566661586004655,38,,,,0.07486764129492231,0.05316996324126902,0.10281972374537031,0,0,0,1,0,0,0,0,0,1
173,2023-03-14,121.0358,3919.29,0.1413999999999902,63.529999999999745,,,,0,0.17252236232161522,0.6009690165519714,0.22650861949659884,4,,,,0.006036968543263503,0.06651619683676557,0.041186810943039755,0,0,0,1,0,0,0,0,1,0
174,2023-03-15,122.0832,3891.93,1.0474000000000103,-27.360000000000127,,,,0,0.2619943115860224,0.49927560836076734,0.2387300692498684,5,,,,0.08838339746931115,0.12650775317876992,0.16251547450162807,0,0,1,0,0,0,0,0,1,0
175,2023-03-16,121.7344,3960.28,-0.3488000000000113,68.35000000000036,,,,0,0.0883490689098835,0.6247410118579865,0.2869099214673042,5,,,,0.0015547232781382815,0.09338003686379642,0.09803244691956275,0,0,0,1,0,0,0,0,1,0
176,2023-03-17,121.5752,3916.64,-0.15919999999999845,-43.64000000000033,,,,0,0.3131011823192239,0.3765606343746185,0.31033816933631897,5,,,,0.07338621704886789,0.08394078096376772,0.12975323919057036,0,0,1,0,0,0,0,0,1,0
177,2023-03-20,121.0546,3951.57,-0.5206000000000017,34.93000000000029,0.2349380012601614,0.7012899816036224,0.06377199478447437,2,0.1545725205913186,0.4337337328493595,0.4116937464475632,25,0.07423294796894969,0.0712274305564069,3.105376438650859e-05,0.029877634257246998,0.07758909386248283,0.11095597671379591,1,0,0,1,0,1,0,0,1,0
178,2023-03-21,120.9481,4002.87,-0.10649999999999693,51.29999999999973,,,,0,0.1581347592175007,0.47248589992523193,0.36937934458255767,10,,,,0.04113142428693334,0.061599621897866226,0.08181897308677541,0,0,0,1,0,0,0,0,1,0
179,2023-03-22,120.6877,3936.97,-0.26039999999999,-65.90000000000009,,,,0,0.2698345690965652,0.6382730096578598,0.09189240969717502,10,,,,0.05175508050387817,0.04357083857392555,0.002848201691867183,0,0,1,0,0,0,0,0,1,0
180,2023-03-23,119.809,3948.72,-0.8787000000000091,11.75,0.3973920891682307,0.5225547651449839,0.08005313326915105,3,0.15636924797525772,0.34031200580872023,0.5033187396251239,13,0.04351832410421571,0.04944503375567984,0.00019149855329033313,0.031649147230183194,0.06248818646978529,0.1276696351401692,1,0,0,1,0,1,0,0,0,1
181,2023-03-24,120.503,3970.99,0.6940000000000026,22.269999999999982,,,,0,0.14391837142673986,0.37782202820692745,0.4782596068190677,14,,,,0.03816571938788078,0.06201836434934781,0.11894584255397579,0,0,0,1,0,0,0,0,0,1
182,2023-03-27,120.3227,3977.53,-0.18030000000000257,6.540000000000418,0.06832009553909302,0.8523935675621033,0.07928631454706192,1,0.16055350936949253,0.5735831391066313,0.2658633582293987,10,,,,0.030805875727784957,0.09750164218229782,0.09907053104126934,0,0,0,1,0,1,0,0,1,0
183,2023-03-28,119.8059,3971.27,-0.5168000000000035,-6.260000000000218,,,,0,0.2480759834870696,0.4955838299356401,0.25634018145501614,8,,,,0.056579013633998906,0.06898066960696589,0.0762757553841976,0,0,0,1,0,0,0,0,1,0
184,2023-03-29,119.8398,4027.81,0.033900000000002706,56.539999999999964,0.4590124189853668,0.4678746908903122,0.07311284355819225,2,0.26389524191617963,0.4882309552282095,0.24787378013134004,5,0.0009169742946895099,0.00019126666940438852,0.00027065733728005165,0.04915524569090991,0.09885205394217547,0.1587650442225278,1,0,1,0,0,1,0,0,1,0
185,2023-03-30,119.5304,4050.83,-0.30939999999999657,23.019999999999982,0.21259436011314392,0.7608732581138611,0.026532378047704697,1,0.12556874255339304,0.5551691030462583,0.31926212025185424,3,,,,0.009376975611858091,0.18073451107127125,0.2639033947420935,1,0,0,1,0,1,0,0,1,0
186,2023-03-31,119.4828,4109.31,-0.04760000000000275,58.48000000000047,,,,0,0.15192924533039331,0.5874473303556442,0.26062339171767235,4,,,,0.006634666648272375,0.004923483986036518,0.010383157713446833,0,0,0,1,0,0,0,0,1,0
187,2023-04-03,119.4623,4124.51,-0.02049999999999841,15.199999999999818,0.10737625509500504,0.8430569767951965,0.049566783010959625,1,0.30192053504288197,0.5093694403767586,0.18870999407954514,4,,,,0.12343226775090226,0.1351433560706888,0.10290465402798797,0,0,1,0,0,1,0,0,1,0
188,2023-04-04,119.2988,4100.6,-0.1634999999999991,-23.909999999999854,,,,0,0.19378885105252266,0.533809295296669,0.2724018532782793,10,,,,0.02755426498868345,0.04973342221702107,0.07530571938136661,0,0,0,1,0,0,0,0,1,0
189,2023-04-05,119.4385,4090.38,0.13970000000000482,-10.220000000000255,,,,0,0.16019111406058073,0.6609015539288521,0.1789073389954865,4,,,,0.007166118958583112,0.08992076198537569,0.057083926424289444,0,0,0,0,0,0,0,0,1,0
190,2023-04-06,119.4597,4105.02,0.021199999999993224,14.640000000000327,,,,0,0.5363132506608963,0.4205441474914551,0.043142637237906456,2,,,,0.19792641350936124,0.17604239900973084,0.0006408551656290132,0,0,1,0,0,0,0,1,0,0
191,2023-04-07,119.5033,,0.04359999999999786,,,,,0,0.6527574062347412,0.25517019629478455,0.09207239747047424,1,,,,,,,0,0,1,0,0,0,0,1,0,0
192,2023-04-10,119.9292,4109.11,0.4258999999999986,,,,,0,0.5360026976891926,0.2830886180911745,0.18090866772191866,7,,,,0.10850887468418885,0.01795621259311896,0.048008829621795285,0,0,1,0,0,0,0,1,0,0
193,2023-04-11,119.6822,4108.94,-0.2469999999999999,-0.17000000000007276,0.19249733537435532,0.7717049717903137,0.03579766396433115,2,0.20944828987121583,0.6466954529285431,0.14385624267160893,5,0.00760014069000825,0.005760206117429334,0.00012729883230974855,0.021328413503690122,0.039947181396160755,0.03523022926217081,0,0,1,0,0,1,0,0,1,0
194,2023-04-12,119.1829,4091.95,-0.499299999999991,-16.98999999999978,0.2353530377149582,0.6975060105323792,0.06714095920324326,1,0.25440316647291183,0.4504358351230621,0.2951609991490841,5,,,,0.1343015653676576,0.11748416940255095,0.12554709462476182,1,0,0,1,0,1,0,0,1,0
195,2023-04-13,118.5922,4146.22,-0.5906999999999982,54.27000000000044,,,,0,0.2178455526009202,0.2859872579574585,0.4961672108620405,4,,,,0.07189146138485537,0.09428089732785998,0.2286306891908881,0,0,0,1,0,0,0,0,0,1
196,2023-04-14,119.0301,4137.64,0.43789999999999907,-8.579999999999927,,,,0,0.1907949954038486,0.45803782623261213,0.3511671512387693,8,,,,0.040455843507656394,0.08333353551475489,0.13595116610723498,0,0,0,1,0,0,0,0,1,0
197,2023-04-17,119.4406,4151.32,0.410499999999999,13.679999999999382,0.1829567700624466,0.8011006712913513,0.015942532569169998,1,0.17298594675958157,0.49309756482640904,0.3339164912079771,12,,,,0.04238558022628176,0.05738916688592079,0.07198532307177907,0,0,0,1,0,1,0,0,1,0
198,2023-04-18,119.2797,4154.87,-0.16089999999999804,3.550000000000182,0.13246174156665802,0.8370959758758545,0.030442362651228905,1,0.14736800957471133,0.45499376989901064,0.39763822201639415,10,,,,0.028532515088513313,0.11112486400643912,0.17432274980963536,0,0,0,1,0,1,0,0,1,0
199,2023-04-19,119.4828,4154.52,0.20309999999999206,-0.3499999999994543,0.18089886009693146,0.33605605363845825,0.48304513096809387,1,0.09895224620898564,0.4663066764672597,0.43474111209313077,3,,,,0.005491542614558216,0.13878387968713599,0.14341371969718988,0,1,0,1,0,0,1,0,1,0
200,2023-04-20,119.2958,4129.79,-0.1869999999999976,-24.730000000000473,,,,0,0.328126506259044,0.4575958475470543,0.21427763594935337,6,,,,0.10524582988425497,0.1005421194007045,0.10746629905700192,0,0,1,0,0,0,0,0,1,0
201,2023-04-21,119.4921,4133.52,0.1962999999999937,3.730000000000473,,,,0,0.27036405064993435,0.49830900960498387,0.23132693560587037,9,,,,0.046399652411920164,0.03587943694724611,0.04201014278320132,0,0,1,0,0,0,0,0,1,0
202,2023-04-24,119.3979,4137.04,-0.09419999999998652,3.519999999999527,0.27784278988838196,0.6277177929878235,0.09443936496973038,1,0.2523883225565607,0.5247180746360258,0.22289360805668615,11,,,,0.04732031781641165,0.05453363794177635,0.04720744259587173,1,0,1,0,0,1,0,0,1,0
203,2023-04-25,119.8047,4071.63,0.40679999999998984,-65.40999999999985,,,,0,0.40962321497499943,0.5443428605794907,0.0460339467972517,4,,,,0.14293410280683794,0.12766974321515168,0.0013331023003829389,0,0,1,0,0,0,0,0,1,0
204,2023-04-26,119.5323,4055.99,-0.2723999999999904,-15.640000000000327,0.10117780417203903,0.8587737679481506,0.04004847630858421,1,0.13848498929291964,0.3855288190146287,0.4759861969699462,12,,,,0.047582359113817675,0.0734896063861228,0.11518768909061278,0,0,0,1,0,1,0,0,0,1
205,2023-04-27,119.6293,4135.35,0.0969999999999942,79.36000000000058,,,,0,0.1511655847231547,0.635622243086497,0.2132121647397677,3,,,,0.01272243283568127,0.06331559281794459,0.019366261560538573,0,0,0,1,0,0,0,0,1,0
206,2023-04-28,119.4312,4169.48,-0.1980999999999966,34.1299999999992,0.09732858091592789,0.8837279081344604,0.01894349791109562,1,0.34442903388005036,0.5646745585478269,0.09089640986460906,13,,,,0.08326950520933514,0.0765599859657538,0.006811790555557243,0,0,1,0,0,1,0,0,1,0
207,2023-05-01,119.6311,4167.87,0.19989999999999952,-1.6099999999996726,0.07403666526079178,0.8995800018310547,0.026383301243185997,1,0.2040401455014944,0.40522149784697425,0.39073836327426964,9,,,,0.0756468403662071,0.10281424518254,0.15501212248866617,0,0,0,1,0,1,0,0,1,0
208,2023-05-02,119.8009,4119.58,0.16979999999999507,-48.289999999999964,0.15069836005568504,0.7934349924325943,0.05586663447320461,4,0.18549569034948946,0.5499701648950577,0.26453413590788843,10,0.006478467383959574,0.007076957619440272,2.7453490752083847e-05,0.029464534851212414,0.07736838707910174,0.08182464591186381,0,0,0,1,0,1,0,0,1,0
209,2023-05-03,119.3301,4090.75,-0.470799999999997,-28.829999999999927,0.08848291635513306,0.8808817863464355,0.030635305680334568,2,0.24249495044350625,0.5469037175178528,0.2106013332493603,10,0.0006419929080597742,0.0005491318972943304,3.625430474970062e-06,0.06771547277644457,0.09255434949040306,0.08376180586405577,0,0,1,0,0,1,0,0,1,0
210,2023-05-04,119.2332,4061.22,-0.0969000000000051,-29.5300000000002,0.2993429908528924,0.6481962949037552,0.05246069608256221,4,0.17629342855742344,0.5412023153442603,0.28250423847482753,13,0.04008514249201079,0.04914613733682286,0.0006550903085254207,0.023156770374645086,0.07597955841555719,0.10204606689308289,1,0,0,1,0,1,0,0,1,0
211,2023-05-05,118.7707,4136.25,-0.4624999999999915,75.0300000000002,0.2523879458506902,0.7138814926147461,0.033730555325746536,3,0.24401943944394588,0.5190978407859802,0.23688270710408688,15,0.013279547743735593,0.014412047895703495,2.498694048112815e-05,0.058297982700314686,0.05205255926302701,0.08179928577640345,1,0,1,0,0,1,0,0,1,0
212,2023-05-08,118.7938,4138.12,0.023099999999999454,1.8699999999998909,0.33178599923849106,0.6144769191741943,0.05373706296086311,2,0.31952991474257864,0.4390718988750292,0.24139818192824072,23,0.11146947307878563,0.1401530652429983,0.001640232710561601,0.08168234636473125,0.07543294502664975,0.09192112623120284,1,0,1,0,0,1,0,0,1,0
213,2023-05-09,119.0325,4119.17,0.23869999999999436,-18.949999999999818,0.6371941864490509,0.30532312020659447,0.057482688687741756,4,0.2703612285355727,0.509705971305569,0.21993279829621315,12,0.008872715387150029,0.008973256863553417,0.00022748656972234582,0.07817095933882347,0.06671369535488184,0.06397416981451398,1,0,1,0,1,0,0,0,1,0
214,2023-05-10,118.8055,4137.64,-0.22700000000000387,18.470000000000255,,,,0,0.1317594749853015,0.6051151677966118,0.263125401455909,4,,,,0.006709949095801187,0.034480750194994636,0.041418595213811644,0,0,0,1,0,0,0,0,1,0
215,2023-05-11,119.2363,4130.62,0.43080000000000496,-7.020000000000437,0.21568121968044174,0.6232314871417152,0.1610873020771477,9,0.15304135240148753,0.5512673845514655,0.29569126467686146,16,0.033500675117920826,0.061096357093629615,0.039638162698678696,0.024132578518919486,0.08649073870817656,0.10091362869381358,1,0,0,1,0,1,0,0,1,0
216,2023-05-12,119.568,4124.08,0.3316999999999979,-6.539999999999964,0.2645099456422031,0.6829204894602299,0.05256954091601074,8,0.17595541299808592,0.5839942782407715,0.24005030636631308,21,0.02160030506211406,0.02368278314413668,0.0005083604086622075,0.01812812503596429,0.04953967293242271,0.06670037528231754,1,0,0,1,0,1,0,0,1,0
217,2023-05-15,119.3891,4136.28,-0.17889999999999873,12.199999999999818,0.17786294221878052,0.8036186695098877,0.01851836033165455,1,0.3257926404476166,0.5233781693073419,0.1508291786393294,13,,,,0.05637619139612551,0.07030803876138288,0.036796435159596165,0,0,1,0,0,1,0,0,1,0
218,2023-05-16,119.4266,4109.9,0.037499999999994316,-26.38000000000011,0.2510398440063,0.693578173716863,0.05538197420537472,3,0.17942220283051333,0.46285928413271904,0.3577185001017319,18,0.06203014251218479,0.06444544744326415,0.0007992859098147238,0.04286529080874936,0.07002649203018442,0.10621981306322476,1,0,0,1,0,1,0,0,1,0
219,2023-05-17,119.8524,4158.77,0.4258000000000095,48.8700000000008,0.16419978501896063,0.7640176763137182,0.07178254208217065,6,0.2391397219437819,0.5602762326598167,0.20058403995174628,13,0.01801395274522777,0.024726524917950035,0.0013261979577037903,0.0869343865727406,0.10095619179159375,0.07190243147867,0,0,1,0,0,1,0,0,1,0
220,2023-05-18,120.3327,4198.05,0.4802999999999997,39.279999999999745,0.1603970192372799,0.7771748048918588,0.062428162566253116,7,0.2239175499840216,0.6623356680978428,0.11374677243557843,11,0.06896158879829069,0.06735596833810441,0.0006081059451363637,0.06920765971852796,0.07797507146260507,0.009053424695923839,0,0,1,0,0,1,0,0,1,0
221,2023-05-19,120.0134,4191.98,-0.31929999999999836,-6.0700000000006185,0.13446255307644606,0.7862613573670387,0.07927609048783779,4,0.26137804295867684,0.48812018930912016,0.2505017714574933,20,0.02576354217047858,0.04303227601954126,0.0034540327487173755,0.07708051540995045,0.09654816044586868,0.1033645994946109,0,0,1,0,0,1,0,0,1,0
222,2023-05-22,120.3282,4192.63,0.3147999999999911,0.6500000000005457,0.052810548494259514,0.88619993130366,0.06098949412504832,3,0.1775844597982036,0.5069519758776382,0.31546356315138163,27,0.00042245298027144185,0.00020180212986649812,0.0011862734854723074,0.03231727126268486,0.0743383905417173,0.08602756193367715,0,0,0,1,0,1,0,0,1,0
223,2023-05-23,120.558,4145.58,0.22980000000001155,-47.05000000000018,0.1829765336588025,0.764580562710762,0.05244294926524162,4,0.20755018198208228,0.4859866318670479,0.30646319153743823,37,0.015643706216043544,0.015509541355705814,0.00020602910714415112,0.05010451308628995,0.07359509840642842,0.08819141870676252,0,0,0,1,0,1,0,0,1,0
224,2023-05-24,120.7176,4115.24,0.15959999999999752,-30.340000000000146,0.2592371813952923,0.6823819503188133,0.05838086393972238,6,0.21687610721901843,0.541368377836127,0.24175551298417544,19,0.05960299859499213,0.05724418486465355,0.0001994527396619284,0.0497607589372587,0.07367010813075967,0.0903873991041349,1,0,0,1,0,1,0,0,1,0
225,2023-05-25,121.0812,4151.28,0.36359999999999104,36.039999999999964,0.2464158430695534,0.6910478293895721,0.06253635222092271,10,0.2876623313059099,0.4819485538173467,0.23038912095944397,32,0.08365381927764251,0.08150843509710867,0.0010866783104282983,0.08656332911238224,0.09706591260959688,0.08534081006937874,1,0,1,0,0,1,0,0,1,0
226,2023-05-26,120.8713,4205.45,-0.20989999999999043,54.17000000000007,0.5335154831409454,0.41916794180870054,0.0473165936768055,5,0.2202187158012142,0.3618738550382356,0.4179074416557948,24,0.015426838514835062,0.015105182641836645,0.0004859864474668463,0.06331988252654423,0.044303855283107506,0.11712643738966184,1,0,0,1,1,0,0,0,0,1
227,2023-05-30,120.8136,4205.52,-0.05770000000001119,0.07000000000061846,0.18422350813360774,0.726267059059704,0.08950942891704686,17,0.19003149289402027,0.4815934341919573,0.32837507894993584,79,0.023207990502152633,0.026842042930170448,0.016424763782404896,0.041673175533228024,0.07387194135276956,0.09680260673838921,0,0,0,1,0,1,0,0,1,0
228,2023-05-31,121.2284,4179.83,0.4147999999999996,-25.69000000000051,0.315053082174725,0.6095909310711755,0.07535598075224294,9,0.27260702157106537,0.45665420907048077,0.2707387756986114,26,0.045281736575627674,0.04120329352241316,0.011068217075191133,0.068054867953037,0.07765542004722753,0.09728549725978822,1,0,1,0,0,1,0,0,1,0
229,2023-06-01,120.3486,4221.02,-0.8797999999999888,41.19000000000051,0.1347443563863635,0.8097041882574558,0.055551453959196806,8,0.17885512044387206,0.5205191087509905,0.3006257662815707,35,0.01650580383006414,0.020065099599244424,0.001259332516413343,0.040228824614632674,0.08388534698931101,0.10296784783242659,0,0,0,1,0,1,0,0,1,0
230,2023-06-02,120.2952,4282.37,-0.05340000000001055,61.349999999999454,0.13760550543665886,0.7933757543563843,0.0690187618136406,5,0.2165246941681419,0.5018784129193851,0.2815968994051218,35,0.020780252706705707,0.014118182685526294,0.0042719963930747005,0.044016965829693416,0.06036144887289914,0.07393315055170606,0,0,0,1,0,1,0,0,1,0
231,2023-06-05,120.3057,4273.79,0.010500000000007503,-8.579999999999927,0.23763260079754722,0.6528228984938728,0.10954450981484519,9,0.20484701540464392,0.4622228882777003,0.3329300949923121,52,0.01785551736469673,0.030600015374266064,0.010414215290491117,0.04226339581691076,0.07561505360419651,0.10219513308899361,1,0,0,1,0,1,0,0,1,0
232,2023-06-06,120.2859,4283.85,-0.019800000000003593,10.0600000000004,0.1435334604854385,0.8183957238992056,0.03807080273206035,12,0.17656842082627675,0.5503643876247442,0.2730671913265737,67,0.006169997912082697,0.006681125296378315,0.0003632566459915509,0.03246593161388097,0.06636254691877114,0.09187762052375711,0,0,0,1,0,1,0,0,1,0
233,2023-06-07,120.1906,4267.52,-0.09529999999999461,-16.329999999999927,0.2227220157161355,0.6918954059481621,0.08538255728781223,10,0.20758163947612046,0.4883707229580198,0.3040476198175124,35,0.05355309561601275,0.05461200441211606,0.010136333209983384,0.05724494354516772,0.09677160217145404,0.120684625483785,1,0,0,1,0,1,0,0,1,0
234,2023-06-08,119.9089,4293.93,-0.2817000000000007,26.409999999999854,0.26415202813223004,0.6639950511356195,0.07185291917994618,24,0.26749837435781953,0.5593024921417237,0.17319912632927298,50,0.05123854146576513,0.04794195362809105,0.0018172847320159183,0.05919378074430192,0.07255694877755764,0.05239850572269145,1,0,1,0,0,1,0,0,1,0
235,2023-06-09,119.7892,4298.86,-0.1197000000000088,4.9299999999993815,0.1632715825819307,0.6756021098958122,0.16112631642156178,9,0.2091170950094238,0.4603238937444985,0.3305590157862753,40,0.017610156517588384,0.06031189174830078,0.06856232109067065,0.038760516761020054,0.06944208021195382,0.10831499884501934,0,0,0,1,0,1,0,0,1,0
236,2023-06-12,120.0069,4338.93,0.21770000000000778,40.07000000000062,0.2639769720179694,0.6355845976088729,0.10043842611568314,14,0.3037189039979366,0.3833356529379947,0.31294544173192373,79,0.07297155858494193,0.06437315371266542,0.007295980413629453,0.09810272277315213,0.07378507624278977,0.10640041003728193,1,0,0,1,0,1,0,0,1,0
237,2023-06-13,119.5948,4369.01,-0.41209999999999525,30.079999999999927,0.13674910565217335,0.7146721427639325,0.1485787510871887,15,0.2056540989693492,0.5501446677966321,0.24420122425765434,47,0.010398038405651719,0.04449754289212292,0.04657682631579403,0.05195641876764263,0.07801683070566477,0.08482621230625292,0,0,0,1,0,1,0,0,1,0
238,2023-06-14,119.1992,4372.59,-0.39560000000000173,3.5799999999999272,0.33927445184616817,0.5929952341885794,0.06773032203671478,21,0.35197446859357034,0.4718478120524775,0.1761777253652161,44,0.04394883750417706,0.044650499761813914,0.0016113818169247538,0.0804750347736997,0.06820378300690359,0.05388273057947723,1,0,1,0,0,1,0,0,1,0
239,2023-06-15,118.981,4425.84,-0.21820000000001016,53.25,0.24225737997330726,0.6307307166978717,0.12701190197840334,40,0.23749579888369357,0.5184778102806636,0.24402638755787115,77,0.05795907634933991,0.07157958948342265,0.030578071859235,0.057610338713375064,0.08449416913292952,0.08487751053769847,1,0,0,1,0,1,0,0,1,0
240,2023-06-16,118.8586,4409.59,-0.12239999999999895,-16.25,0.1502170290209745,0.7806785122344368,0.06910445639177372,19,0.17433701002079507,0.6001715404183968,0.22549144198875065,46,0.029574580138448395,0.029413238912596132,0.003056058840508613,0.03193477780668861,0.07676916638039483,0.07823585557882463,0,0,0,1,0,1,0,0,1,0
241,2023-06-20,119.3937,4388.71,0.5350999999999999,-20.88000000000011,0.1824371326834925,0.7352137950158888,0.08234907034784555,31,0.21375374183415957,0.5284728230270621,0.25777344012709513,146,0.048565045025175876,0.060530528065187446,0.025340646446375417,0.0496303806738978,0.07826471405247981,0.08506049344851767,0,0,0,1,0,1,0,0,1,0
242,2023-06-21,119.1943,4365.69,-0.19939999999999714,-23.020000000000437,0.14976233174093068,0.7999580577015877,0.0502796039218083,16,0.24795493214494652,0.5360672695355283,0.2159777976727734,72,0.027802533424252058,0.030110605753956972,0.0014993305304495978,0.06485770112974325,0.07126295877097343,0.0639691439964758,0,0,1,0,0,1,0,0,1,0
243,2023-06-22,119.2259,4381.89,0.03159999999999741,16.200000000000728,0.167382992278689,0.734175739188989,0.09844126595327488,39,0.1931583942626329,0.5583115336211288,0.2485300760825767,85,0.02833203744590019,0.04377947084096391,0.028838033026085553,0.04828003568678402,0.07880762771874579,0.08549777306331063,0,0,0,1,0,1,0,0,1,0
244,2023-06-23,119.6068,4348.33,0.3809000000000111,-33.5600000000004,0.16221588886609034,0.7108155409140247,0.1269685740449599,28,0.18309568813876123,0.5671479431157177,0.24975637630937067,74,0.01928197718582007,0.05399602640816245,0.046991304313479115,0.03848197009232424,0.07355552628875031,0.08224778262040978,0,0,0,1,0,1,0,0,1,0
245,2023-06-26,119.5728,4328.82,-0.034000000000006025,-19.51000000000022,0.33011420969333916,0.5847632418076197,0.08512254705031713,45,0.23913312988039456,0.5325320271318251,0.22833484015866834,212,0.06346641020214312,0.06400947773630158,0.014349232394494916,0.06414681806897259,0.0753800072676183,0.06906943682315299,1,0,1,0,0,1,0,0,1,0
246,2023-06-27,119.3992,4378.41,-0.17360000000000753,49.590000000000146,0.23060975301188308,0.6550695872926092,0.1143206556315546,77,0.24677732597208685,0.5720548912882805,0.18116777966626815,180,0.04458104010366251,0.05333814754305615,0.023627977244479407,0.05312112588605645,0.06348393307198022,0.04916370988254798,1,0,1,0,0,1,0,0,1,0
247,2023-06-28,119.8396,4376.86,0.440400000000011,-1.550000000000182,0.2487179511592964,0.6488128806767839,0.10246917037188671,89,0.23580562040318273,0.5633717254708404,0.20082265984502087,206,0.04303100346915429,0.05242381966053871,0.018264934879363624,0.04901623302099215,0.0688939792736613,0.06121768893624166,1,0,1,0,0,1,0,0,1,0
248,2023-06-29,120.0324,4396.44,0.1927999999999912,19.579999999999927,0.23323864959688348,0.6821585482155735,0.08460280250503936,88,0.23004319228680503,0.5860160876319046,0.18394072203658013,191,0.03771953142055014,0.04069278066502758,0.010392782298022745,0.045022834027025775,0.06201070392137271,0.05526573883279609,1,0,1,0,0,1,0,0,1,0
249,2023-06-30,119.8885,4450.38,-0.14390000000000214,53.94000000000051,0.17489939788945869,0.7221932196635988,0.10290738331932056,79,0.19283539850487194,0.5651841628462521,0.24198044186912068,201,0.024882643098386593,0.04893451765573631,0.03364005908654828,0.04050004235342872,0.07515667248913173,0.08224033919793167,0,0,0,1,0,1,0,0,1,0
